Branch,Subject,Question,Answer
Computer Science,Python,What is a list comprehension?,A concise way to create lists using a single line of code.
Computer Science,Python,What is 'self' in Python?,It represents the instance of the class and allows access to attributes and methods.
Computer Science,Python,Explain PEP 8.,It is the official style guide for writing readable Python code.
Computer Science,Python,What are decorators?,Functions that modify the behavior of another function or class.
Computer Science,Python,Difference between .py and .pyc files?,".py is source code, .pyc is compiled bytecode."
Computer Science,Python,What is a list comprehension?,A concise way to create lists using a single line of code.
Computer Science,Python,What is 'self' in Python?,It represents the instance of the class and allows access to attributes and methods.
Computer Science,Python,Explain PEP 8.,It is the official style guide for writing readable Python code.
Computer Science,Python,What are decorators?,Functions that modify the behavior of another function or class.
Computer Science,Python,Difference between .py and .pyc files?,".py is source code, .pyc is compiled bytecode."
Computer Science,Java,What is JVM?,"Java Virtual Machine, which enables a computer to run Java programs."
Computer Science,Java,Difference between JDK and JRE?,JDK is for development (tools + JRE); JRE is for running apps.
Computer Science,Java,What is a constructor?,A special method used to initialize objects.
Computer Science,Java,Explain Inheritance.,A mechanism where one class acquires the properties of another.
Computer Science,Java,What is 'static' keyword?,It means the member belongs to the class type itself rather than to an instance.
Computer Science,Java,What is JVM?,"Java Virtual Machine, which enables a computer to run Java programs."
Computer Science,Java,Difference between JDK and JRE?,JDK is for development (tools + JRE); JRE is for running apps.
Computer Science,Java,What is a constructor?,A special method used to initialize objects.
Computer Science,Java,Explain Inheritance.,A mechanism where one class acquires the properties of another.
Computer Science,Java,What is 'static' keyword?,It means the member belongs to the class type itself rather than to an instance.
Computer Science,AI & ML,What is Supervised Learning?,Learning from labeled training data to predict outcomes for unseen data.
Computer Science,AI & ML,What is a Neural Network?,A series of algorithms that endeavor to recognize underlying relationships in data like a human brain.
Computer Science,AI & ML,Explain Overfitting.,"When a model learns the noise in training data too well, failing to generalize."
Computer Science,AI & ML,What is Deep Learning?,A subset of ML based on artificial neural networks with multiple layers.
Computer Science,AI & ML,What is NLP?,"Natural Language Processing, enabling computers to understand human language."
Computer Science,AI & ML,What is Supervised Learning?,Learning from labeled training data to predict outcomes for unseen data.
Computer Science,AI & ML,What is a Neural Network?,A series of algorithms that endeavor to recognize underlying relationships in data like a human brain.
Computer Science,AI & ML,Explain Overfitting.,"When a model learns the noise in training data too well, failing to generalize."
Computer Science,AI & ML,What is Deep Learning?,A subset of ML based on artificial neural networks with multiple layers.
Computer Science,AI & ML,What is NLP?,"Natural Language Processing, enabling computers to understand human language."
Computer Science,C++,What is the primary objective of C++ in Computer Science?,To master core theories and practical applications essential for Computer Science professionals.
Computer Science,C++,State a major challenge in C++.,Adapting to rapidly changing industry standards and technological integration.
Computer Science,C++,What are the core components of C++?,"Key elements include theoretical frameworks, data analysis, and ethical implementation."
Computer Science,C++,Why is C++ critical for Computer Science students?,It provides the foundational knowledge required for advanced specialization in the field.
Computer Science,C++,Mention a modern tool used in C++.,"Software automation, AI-driven analytics, and digital monitoring systems."
Computer Science,C++,What is the primary objective of C++ in Computer Science?,To master core theories and practical applications essential for Computer Science professionals.
Computer Science,C++,State a major challenge in C++.,Adapting to rapidly changing industry standards and technological integration.
Computer Science,C++,What are the core components of C++?,"Key elements include theoretical frameworks, data analysis, and ethical implementation."
Computer Science,C++,Why is C++ critical for Computer Science students?,It provides the foundational knowledge required for advanced specialization in the field.
Computer Science,C++,Mention a modern tool used in C++.,"Software automation, AI-driven analytics, and digital monitoring systems."
Computer Science,Web Development,What is the primary objective of Web Development in Computer Science?,To master core theories and practical applications essential for Computer Science professionals.
Computer Science,Web Development,State a major challenge in Web Development.,Adapting to rapidly changing industry standards and technological integration.
Computer Science,Web Development,What are the core components of Web Development?,"Key elements include theoretical frameworks, data analysis, and ethical implementation."
Computer Science,Web Development,Why is Web Development critical for Computer Science students?,It provides the foundational knowledge required for advanced specialization in the field.
Computer Science,Web Development,Mention a modern tool used in Web Development.,"Software automation, AI-driven analytics, and digital monitoring systems."
Computer Science,Web Development,What is the primary objective of Web Development in Computer Science?,To master core theories and practical applications essential for Computer Science professionals.
Computer Science,Web Development,State a major challenge in Web Development.,Adapting to rapidly changing industry standards and technological integration.
Computer Science,Web Development,What are the core components of Web Development?,"Key elements include theoretical frameworks, data analysis, and ethical implementation."
Computer Science,Web Development,Why is Web Development critical for Computer Science students?,It provides the foundational knowledge required for advanced specialization in the field.
Computer Science,Web Development,Mention a modern tool used in Web Development.,"Software automation, AI-driven analytics, and digital monitoring systems."
Information Technology,Cloud Computing,What is the primary objective of Cloud Computing in Information Technology?,To master core theories and practical applications essential for Information Technology professionals.
Information Technology,Cloud Computing,State a major challenge in Cloud Computing.,Adapting to rapidly changing industry standards and technological integration.
Information Technology,Cloud Computing,What are the core components of Cloud Computing?,"Key elements include theoretical frameworks, data analysis, and ethical implementation."
Information Technology,Cloud Computing,Why is Cloud Computing critical for Information Technology students?,It provides the foundational knowledge required for advanced specialization in the field.
Information Technology,Cloud Computing,Mention a modern tool used in Cloud Computing.,"Software automation, AI-driven analytics, and digital monitoring systems."
Information Technology,Cloud Computing,What is the primary objective of Cloud Computing in Information Technology?,To master core theories and practical applications essential for Information Technology professionals.
Information Technology,Cloud Computing,State a major challenge in Cloud Computing.,Adapting to rapidly changing industry standards and technological integration.
Information Technology,Cloud Computing,What are the core components of Cloud Computing?,"Key elements include theoretical frameworks, data analysis, and ethical implementation."
Information Technology,Cloud Computing,Why is Cloud Computing critical for Information Technology students?,It provides the foundational knowledge required for advanced specialization in the field.
Information Technology,Cloud Computing,Mention a modern tool used in Cloud Computing.,"Software automation, AI-driven analytics, and digital monitoring systems."
Information Technology,Cyber Security,What is the primary objective of Cyber Security in Information Technology?,To master core theories and practical applications essential for Information Technology professionals.
Information Technology,Cyber Security,State a major challenge in Cyber Security.,Adapting to rapidly changing industry standards and technological integration.
Information Technology,Cyber Security,What are the core components of Cyber Security?,"Key elements include theoretical frameworks, data analysis, and ethical implementation."
Information Technology,Cyber Security,Why is Cyber Security critical for Information Technology students?,It provides the foundational knowledge required for advanced specialization in the field.
Information Technology,Cyber Security,Mention a modern tool used in Cyber Security.,"Software automation, AI-driven analytics, and digital monitoring systems."
Information Technology,Cyber Security,What is the primary objective of Cyber Security in Information Technology?,To master core theories and practical applications essential for Information Technology professionals.
Information Technology,Cyber Security,State a major challenge in Cyber Security.,Adapting to rapidly changing industry standards and technological integration.
Information Technology,Cyber Security,What are the core components of Cyber Security?,"Key elements include theoretical frameworks, data analysis, and ethical implementation."
Information Technology,Cyber Security,Why is Cyber Security critical for Information Technology students?,It provides the foundational knowledge required for advanced specialization in the field.
Information Technology,Cyber Security,Mention a modern tool used in Cyber Security.,"Software automation, AI-driven analytics, and digital monitoring systems."
Information Technology,Network Security,What is the primary objective of Network Security in Information Technology?,To master core theories and practical applications essential for Information Technology professionals.
Information Technology,Network Security,State a major challenge in Network Security.,Adapting to rapidly changing industry standards and technological integration.
Information Technology,Network Security,What are the core components of Network Security?,"Key elements include theoretical frameworks, data analysis, and ethical implementation."
Information Technology,Network Security,Why is Network Security critical for Information Technology students?,It provides the foundational knowledge required for advanced specialization in the field.
Information Technology,Network Security,Mention a modern tool used in Network Security.,"Software automation, AI-driven analytics, and digital monitoring systems."
Information Technology,Network Security,What is the primary objective of Network Security in Information Technology?,To master core theories and practical applications essential for Information Technology professionals.
Information Technology,Network Security,State a major challenge in Network Security.,Adapting to rapidly changing industry standards and technological integration.
Information Technology,Network Security,What are the core components of Network Security?,"Key elements include theoretical frameworks, data analysis, and ethical implementation."
Information Technology,Network Security,Why is Network Security critical for Information Technology students?,It provides the foundational knowledge required for advanced specialization in the field.
Information Technology,Network Security,Mention a modern tool used in Network Security.,"Software automation, AI-driven analytics, and digital monitoring systems."
Information Technology,Database Management,What is the primary objective of Database Management in Information Technology?,To master core theories and practical applications essential for Information Technology professionals.
Information Technology,Database Management,State a major challenge in Database Management.,Adapting to rapidly changing industry standards and technological integration.
Information Technology,Database Management,What are the core components of Database Management?,"Key elements include theoretical frameworks, data analysis, and ethical implementation."
Information Technology,Database Management,Why is Database Management critical for Information Technology students?,It provides the foundational knowledge required for advanced specialization in the field.
Information Technology,Database Management,Mention a modern tool used in Database Management.,"Software automation, AI-driven analytics, and digital monitoring systems."
Information Technology,Database Management,What is the primary objective of Database Management in Information Technology?,To master core theories and practical applications essential for Information Technology professionals.
Information Technology,Database Management,State a major challenge in Database Management.,Adapting to rapidly changing industry standards and technological integration.
Information Technology,Database Management,What are the core components of Database Management?,"Key elements include theoretical frameworks, data analysis, and ethical implementation."
Information Technology,Database Management,Why is Database Management critical for Information Technology students?,It provides the foundational knowledge required for advanced specialization in the field.
Information Technology,Database Management,Mention a modern tool used in Database Management.,"Software automation, AI-driven analytics, and digital monitoring systems."
Information Technology,Software Testing,What is the primary objective of Software Testing in Information Technology?,To master core theories and practical applications essential for Information Technology professionals.
Information Technology,Software Testing,State a major challenge in Software Testing.,Adapting to rapidly changing industry standards and technological integration.
Information Technology,Software Testing,What are the core components of Software Testing?,"Key elements include theoretical frameworks, data analysis, and ethical implementation."
Information Technology,Software Testing,Why is Software Testing critical for Information Technology students?,It provides the foundational knowledge required for advanced specialization in the field.
Information Technology,Software Testing,Mention a modern tool used in Software Testing.,"Software automation, AI-driven analytics, and digital monitoring systems."
Information Technology,Software Testing,What is the primary objective of Software Testing in Information Technology?,To master core theories and practical applications essential for Information Technology professionals.
Information Technology,Software Testing,State a major challenge in Software Testing.,Adapting to rapidly changing industry standards and technological integration.
Information Technology,Software Testing,What are the core components of Software Testing?,"Key elements include theoretical frameworks, data analysis, and ethical implementation."
Information Technology,Software Testing,Why is Software Testing critical for Information Technology students?,It provides the foundational knowledge required for advanced specialization in the field.
Information Technology,Software Testing,Mention a modern tool used in Software Testing.,"Software automation, AI-driven analytics, and digital monitoring systems."
Medical,Anatomy,What is the primary objective of Anatomy in Medical?,To master core theories and practical applications essential for Medical professionals.
Medical,Anatomy,State a major challenge in Anatomy.,Adapting to rapidly changing industry standards and technological integration.
Medical,Anatomy,What are the core components of Anatomy?,"Key elements include theoretical frameworks, data analysis, and ethical implementation."
Medical,Anatomy,Why is Anatomy critical for Medical students?,It provides the foundational knowledge required for advanced specialization in the field.
Medical,Anatomy,Mention a modern tool used in Anatomy.,"Software automation, AI-driven analytics, and digital monitoring systems."
Medical,Anatomy,What is the primary objective of Anatomy in Medical?,To master core theories and practical applications essential for Medical professionals.
Medical,Anatomy,State a major challenge in Anatomy.,Adapting to rapidly changing industry standards and technological integration.
Medical,Anatomy,What are the core components of Anatomy?,"Key elements include theoretical frameworks, data analysis, and ethical implementation."
Medical,Anatomy,Why is Anatomy critical for Medical students?,It provides the foundational knowledge required for advanced specialization in the field.
Medical,Anatomy,Mention a modern tool used in Anatomy.,"Software automation, AI-driven analytics, and digital monitoring systems."
Medical,Physiology,What is the primary objective of Physiology in Medical?,To master core theories and practical applications essential for Medical professionals.
Medical,Physiology,State a major challenge in Physiology.,Adapting to rapidly changing industry standards and technological integration.
Medical,Physiology,What are the core components of Physiology?,"Key elements include theoretical frameworks, data analysis, and ethical implementation."
Medical,Physiology,Why is Physiology critical for Medical students?,It provides the foundational knowledge required for advanced specialization in the field.
Medical,Physiology,Mention a modern tool used in Physiology.,"Software automation, AI-driven analytics, and digital monitoring systems."
Medical,Physiology,What is the primary objective of Physiology in Medical?,To master core theories and practical applications essential for Medical professionals.
Medical,Physiology,State a major challenge in Physiology.,Adapting to rapidly changing industry standards and technological integration.
Medical,Physiology,What are the core components of Physiology?,"Key elements include theoretical frameworks, data analysis, and ethical implementation."
Medical,Physiology,Why is Physiology critical for Medical students?,It provides the foundational knowledge required for advanced specialization in the field.
Medical,Physiology,Mention a modern tool used in Physiology.,"Software automation, AI-driven analytics, and digital monitoring systems."
Medical,Pathology,What is the primary objective of Pathology in Medical?,To master core theories and practical applications essential for Medical professionals.
Medical,Pathology,State a major challenge in Pathology.,Adapting to rapidly changing industry standards and technological integration.
Medical,Pathology,What are the core components of Pathology?,"Key elements include theoretical frameworks, data analysis, and ethical implementation."
Medical,Pathology,Why is Pathology critical for Medical students?,It provides the foundational knowledge required for advanced specialization in the field.
Medical,Pathology,Mention a modern tool used in Pathology.,"Software automation, AI-driven analytics, and digital monitoring systems."
Medical,Pathology,What is the primary objective of Pathology in Medical?,To master core theories and practical applications essential for Medical professionals.
Medical,Pathology,State a major challenge in Pathology.,Adapting to rapidly changing industry standards and technological integration.
Medical,Pathology,What are the core components of Pathology?,"Key elements include theoretical frameworks, data analysis, and ethical implementation."
Medical,Pathology,Why is Pathology critical for Medical students?,It provides the foundational knowledge required for advanced specialization in the field.
Medical,Pathology,Mention a modern tool used in Pathology.,"Software automation, AI-driven analytics, and digital monitoring systems."
Medical,Pharmacology,What is the primary objective of Pharmacology in Medical?,To master core theories and practical applications essential for Medical professionals.
Medical,Pharmacology,State a major challenge in Pharmacology.,Adapting to rapidly changing industry standards and technological integration.
Medical,Pharmacology,What are the core components of Pharmacology?,"Key elements include theoretical frameworks, data analysis, and ethical implementation."
Medical,Pharmacology,Why is Pharmacology critical for Medical students?,It provides the foundational knowledge required for advanced specialization in the field.
Medical,Pharmacology,Mention a modern tool used in Pharmacology.,"Software automation, AI-driven analytics, and digital monitoring systems."
Medical,Pharmacology,What is the primary objective of Pharmacology in Medical?,To master core theories and practical applications essential for Medical professionals.
Medical,Pharmacology,State a major challenge in Pharmacology.,Adapting to rapidly changing industry standards and technological integration.
Medical,Pharmacology,What are the core components of Pharmacology?,"Key elements include theoretical frameworks, data analysis, and ethical implementation."
Medical,Pharmacology,Why is Pharmacology critical for Medical students?,It provides the foundational knowledge required for advanced specialization in the field.
Medical,Pharmacology,Mention a modern tool used in Pharmacology.,"Software automation, AI-driven analytics, and digital monitoring systems."
Medical,Microbiology,What is the primary objective of Microbiology in Medical?,To master core theories and practical applications essential for Medical professionals.
Medical,Microbiology,State a major challenge in Microbiology.,Adapting to rapidly changing industry standards and technological integration.
Medical,Microbiology,What are the core components of Microbiology?,"Key elements include theoretical frameworks, data analysis, and ethical implementation."
Medical,Microbiology,Why is Microbiology critical for Medical students?,It provides the foundational knowledge required for advanced specialization in the field.
Medical,Microbiology,Mention a modern tool used in Microbiology.,"Software automation, AI-driven analytics, and digital monitoring systems."
Medical,Microbiology,What is the primary objective of Microbiology in Medical?,To master core theories and practical applications essential for Medical professionals.
Medical,Microbiology,State a major challenge in Microbiology.,Adapting to rapidly changing industry standards and technological integration.
Medical,Microbiology,What are the core components of Microbiology?,"Key elements include theoretical frameworks, data analysis, and ethical implementation."
Medical,Microbiology,Why is Microbiology critical for Medical students?,It provides the foundational knowledge required for advanced specialization in the field.
Medical,Microbiology,Mention a modern tool used in Microbiology.,"Software automation, AI-driven analytics, and digital monitoring systems."
Pharmacy,Pharmaceutics,What is the primary objective of Pharmaceutics in Pharmacy?,To master core theories and practical applications essential for Pharmacy professionals.
Pharmacy,Pharmaceutics,State a major challenge in Pharmaceutics.,Adapting to rapidly changing industry standards and technological integration.
Pharmacy,Pharmaceutics,What are the core components of Pharmaceutics?,"Key elements include theoretical frameworks, data analysis, and ethical implementation."
Pharmacy,Pharmaceutics,Why is Pharmaceutics critical for Pharmacy students?,It provides the foundational knowledge required for advanced specialization in the field.
Pharmacy,Pharmaceutics,Mention a modern tool used in Pharmaceutics.,"Software automation, AI-driven analytics, and digital monitoring systems."
Pharmacy,Pharmaceutics,What is the primary objective of Pharmaceutics in Pharmacy?,To master core theories and practical applications essential for Pharmacy professionals.
Pharmacy,Pharmaceutics,State a major challenge in Pharmaceutics.,Adapting to rapidly changing industry standards and technological integration.
Pharmacy,Pharmaceutics,What are the core components of Pharmaceutics?,"Key elements include theoretical frameworks, data analysis, and ethical implementation."
Pharmacy,Pharmaceutics,Why is Pharmaceutics critical for Pharmacy students?,It provides the foundational knowledge required for advanced specialization in the field.
Pharmacy,Pharmaceutics,Mention a modern tool used in Pharmaceutics.,"Software automation, AI-driven analytics, and digital monitoring systems."
Pharmacy,Pharmacognosy,What is the primary objective of Pharmacognosy in Pharmacy?,To master core theories and practical applications essential for Pharmacy professionals.
Pharmacy,Pharmacognosy,State a major challenge in Pharmacognosy.,Adapting to rapidly changing industry standards and technological integration.
Pharmacy,Pharmacognosy,What are the core components of Pharmacognosy?,"Key elements include theoretical frameworks, data analysis, and ethical implementation."
Pharmacy,Pharmacognosy,Why is Pharmacognosy critical for Pharmacy students?,It provides the foundational knowledge required for advanced specialization in the field.
Pharmacy,Pharmacognosy,Mention a modern tool used in Pharmacognosy.,"Software automation, AI-driven analytics, and digital monitoring systems."
Pharmacy,Pharmacognosy,What is the primary objective of Pharmacognosy in Pharmacy?,To master core theories and practical applications essential for Pharmacy professionals.
Pharmacy,Pharmacognosy,State a major challenge in Pharmacognosy.,Adapting to rapidly changing industry standards and technological integration.
Pharmacy,Pharmacognosy,What are the core components of Pharmacognosy?,"Key elements include theoretical frameworks, data analysis, and ethical implementation."
Pharmacy,Pharmacognosy,Why is Pharmacognosy critical for Pharmacy students?,It provides the foundational knowledge required for advanced specialization in the field.
Pharmacy,Pharmacognosy,Mention a modern tool used in Pharmacognosy.,"Software automation, AI-driven analytics, and digital monitoring systems."
Pharmacy,Medicinal Chemistry,What is the primary objective of Medicinal Chemistry in Pharmacy?,To master core theories and practical applications essential for Pharmacy professionals.
Pharmacy,Medicinal Chemistry,State a major challenge in Medicinal Chemistry.,Adapting to rapidly changing industry standards and technological integration.
Pharmacy,Medicinal Chemistry,What are the core components of Medicinal Chemistry?,"Key elements include theoretical frameworks, data analysis, and ethical implementation."
Pharmacy,Medicinal Chemistry,Why is Medicinal Chemistry critical for Pharmacy students?,It provides the foundational knowledge required for advanced specialization in the field.
Pharmacy,Medicinal Chemistry,Mention a modern tool used in Medicinal Chemistry.,"Software automation, AI-driven analytics, and digital monitoring systems."
Pharmacy,Medicinal Chemistry,What is the primary objective of Medicinal Chemistry in Pharmacy?,To master core theories and practical applications essential for Pharmacy professionals.
Pharmacy,Medicinal Chemistry,State a major challenge in Medicinal Chemistry.,Adapting to rapidly changing industry standards and technological integration.
Pharmacy,Medicinal Chemistry,What are the core components of Medicinal Chemistry?,"Key elements include theoretical frameworks, data analysis, and ethical implementation."
Pharmacy,Medicinal Chemistry,Why is Medicinal Chemistry critical for Pharmacy students?,It provides the foundational knowledge required for advanced specialization in the field.
Pharmacy,Medicinal Chemistry,Mention a modern tool used in Medicinal Chemistry.,"Software automation, AI-driven analytics, and digital monitoring systems."
Pharmacy,Biochemistry,What is the primary objective of Biochemistry in Pharmacy?,To master core theories and practical applications essential for Pharmacy professionals.
Pharmacy,Biochemistry,State a major challenge in Biochemistry.,Adapting to rapidly changing industry standards and technological integration.
Pharmacy,Biochemistry,What are the core components of Biochemistry?,"Key elements include theoretical frameworks, data analysis, and ethical implementation."
Pharmacy,Biochemistry,Why is Biochemistry critical for Pharmacy students?,It provides the foundational knowledge required for advanced specialization in the field.
Pharmacy,Biochemistry,Mention a modern tool used in Biochemistry.,"Software automation, AI-driven analytics, and digital monitoring systems."
Pharmacy,Biochemistry,What is the primary objective of Biochemistry in Pharmacy?,To master core theories and practical applications essential for Pharmacy professionals.
Pharmacy,Biochemistry,State a major challenge in Biochemistry.,Adapting to rapidly changing industry standards and technological integration.
Pharmacy,Biochemistry,What are the core components of Biochemistry?,"Key elements include theoretical frameworks, data analysis, and ethical implementation."
Pharmacy,Biochemistry,Why is Biochemistry critical for Pharmacy students?,It provides the foundational knowledge required for advanced specialization in the field.
Pharmacy,Biochemistry,Mention a modern tool used in Biochemistry.,"Software automation, AI-driven analytics, and digital monitoring systems."
Pharmacy,Clinical Pharmacy,What is the primary objective of Clinical Pharmacy in Pharmacy?,To master core theories and practical applications essential for Pharmacy professionals.
Pharmacy,Clinical Pharmacy,State a major challenge in Clinical Pharmacy.,Adapting to rapidly changing industry standards and technological integration.
Pharmacy,Clinical Pharmacy,What are the core components of Clinical Pharmacy?,"Key elements include theoretical frameworks, data analysis, and ethical implementation."
Pharmacy,Clinical Pharmacy,Why is Clinical Pharmacy critical for Pharmacy students?,It provides the foundational knowledge required for advanced specialization in the field.
Pharmacy,Clinical Pharmacy,Mention a modern tool used in Clinical Pharmacy.,"Software automation, AI-driven analytics, and digital monitoring systems."
Pharmacy,Clinical Pharmacy,What is the primary objective of Clinical Pharmacy in Pharmacy?,To master core theories and practical applications essential for Pharmacy professionals.
Pharmacy,Clinical Pharmacy,State a major challenge in Clinical Pharmacy.,Adapting to rapidly changing industry standards and technological integration.
Pharmacy,Clinical Pharmacy,What are the core components of Clinical Pharmacy?,"Key elements include theoretical frameworks, data analysis, and ethical implementation."
Pharmacy,Clinical Pharmacy,Why is Clinical Pharmacy critical for Pharmacy students?,It provides the foundational knowledge required for advanced specialization in the field.
Pharmacy,Clinical Pharmacy,Mention a modern tool used in Clinical Pharmacy.,"Software automation, AI-driven analytics, and digital monitoring systems."
Agriculture,Agronomy,What is the primary objective of Agronomy in Agriculture?,To master core theories and practical applications essential for Agriculture professionals.
Agriculture,Agronomy,State a major challenge in Agronomy.,Adapting to rapidly changing industry standards and technological integration.
Agriculture,Agronomy,What are the core components of Agronomy?,"Key elements include theoretical frameworks, data analysis, and ethical implementation."
Agriculture,Agronomy,Why is Agronomy critical for Agriculture students?,It provides the foundational knowledge required for advanced specialization in the field.
Agriculture,Agronomy,Mention a modern tool used in Agronomy.,"Software automation, AI-driven analytics, and digital monitoring systems."
Agriculture,Agronomy,What is the primary objective of Agronomy in Agriculture?,To master core theories and practical applications essential for Agriculture professionals.
Agriculture,Agronomy,State a major challenge in Agronomy.,Adapting to rapidly changing industry standards and technological integration.
Agriculture,Agronomy,What are the core components of Agronomy?,"Key elements include theoretical frameworks, data analysis, and ethical implementation."
Agriculture,Agronomy,Why is Agronomy critical for Agriculture students?,It provides the foundational knowledge required for advanced specialization in the field.
Agriculture,Agronomy,Mention a modern tool used in Agronomy.,"Software automation, AI-driven analytics, and digital monitoring systems."
Agriculture,Soil Science,What is the primary objective of Soil Science in Agriculture?,To master core theories and practical applications essential for Agriculture professionals.
Agriculture,Soil Science,State a major challenge in Soil Science.,Adapting to rapidly changing industry standards and technological integration.
Agriculture,Soil Science,What are the core components of Soil Science?,"Key elements include theoretical frameworks, data analysis, and ethical implementation."
Agriculture,Soil Science,Why is Soil Science critical for Agriculture students?,It provides the foundational knowledge required for advanced specialization in the field.
Agriculture,Soil Science,Mention a modern tool used in Soil Science.,"Software automation, AI-driven analytics, and digital monitoring systems."
Agriculture,Soil Science,What is the primary objective of Soil Science in Agriculture?,To master core theories and practical applications essential for Agriculture professionals.
Agriculture,Soil Science,State a major challenge in Soil Science.,Adapting to rapidly changing industry standards and technological integration.
Agriculture,Soil Science,What are the core components of Soil Science?,"Key elements include theoretical frameworks, data analysis, and ethical implementation."
Agriculture,Soil Science,Why is Soil Science critical for Agriculture students?,It provides the foundational knowledge required for advanced specialization in the field.
Agriculture,Soil Science,Mention a modern tool used in Soil Science.,"Software automation, AI-driven analytics, and digital monitoring systems."
Agriculture,Plant Breeding,What is the primary objective of Plant Breeding in Agriculture?,To master core theories and practical applications essential for Agriculture professionals.
Agriculture,Plant Breeding,State a major challenge in Plant Breeding.,Adapting to rapidly changing industry standards and technological integration.
Agriculture,Plant Breeding,What are the core components of Plant Breeding?,"Key elements include theoretical frameworks, data analysis, and ethical implementation."
Agriculture,Plant Breeding,Why is Plant Breeding critical for Agriculture students?,It provides the foundational knowledge required for advanced specialization in the field.
Agriculture,Plant Breeding,Mention a modern tool used in Plant Breeding.,"Software automation, AI-driven analytics, and digital monitoring systems."
Agriculture,Plant Breeding,What is the primary objective of Plant Breeding in Agriculture?,To master core theories and practical applications essential for Agriculture professionals.
Agriculture,Plant Breeding,State a major challenge in Plant Breeding.,Adapting to rapidly changing industry standards and technological integration.
Agriculture,Plant Breeding,What are the core components of Plant Breeding?,"Key elements include theoretical frameworks, data analysis, and ethical implementation."
Agriculture,Plant Breeding,Why is Plant Breeding critical for Agriculture students?,It provides the foundational knowledge required for advanced specialization in the field.
Agriculture,Plant Breeding,Mention a modern tool used in Plant Breeding.,"Software automation, AI-driven analytics, and digital monitoring systems."
Agriculture,Agricultural Entomology,What is the primary objective of Agricultural Entomology in Agriculture?,To master core theories and practical applications essential for Agriculture professionals.
Agriculture,Agricultural Entomology,State a major challenge in Agricultural Entomology.,Adapting to rapidly changing industry standards and technological integration.
Agriculture,Agricultural Entomology,What are the core components of Agricultural Entomology?,"Key elements include theoretical frameworks, data analysis, and ethical implementation."
Agriculture,Agricultural Entomology,Why is Agricultural Entomology critical for Agriculture students?,It provides the foundational knowledge required for advanced specialization in the field.
Agriculture,Agricultural Entomology,Mention a modern tool used in Agricultural Entomology.,"Software automation, AI-driven analytics, and digital monitoring systems."
Agriculture,Agricultural Entomology,What is the primary objective of Agricultural Entomology in Agriculture?,To master core theories and practical applications essential for Agriculture professionals.
Agriculture,Agricultural Entomology,State a major challenge in Agricultural Entomology.,Adapting to rapidly changing industry standards and technological integration.
Agriculture,Agricultural Entomology,What are the core components of Agricultural Entomology?,"Key elements include theoretical frameworks, data analysis, and ethical implementation."
Agriculture,Agricultural Entomology,Why is Agricultural Entomology critical for Agriculture students?,It provides the foundational knowledge required for advanced specialization in the field.
Agriculture,Agricultural Entomology,Mention a modern tool used in Agricultural Entomology.,"Software automation, AI-driven analytics, and digital monitoring systems."
Agriculture,Agri-Economics,What is the primary objective of Agri-Economics in Agriculture?,To master core theories and practical applications essential for Agriculture professionals.
Agriculture,Agri-Economics,State a major challenge in Agri-Economics.,Adapting to rapidly changing industry standards and technological integration.
Agriculture,Agri-Economics,What are the core components of Agri-Economics?,"Key elements include theoretical frameworks, data analysis, and ethical implementation."
Agriculture,Agri-Economics,Why is Agri-Economics critical for Agriculture students?,It provides the foundational knowledge required for advanced specialization in the field.
Agriculture,Agri-Economics,Mention a modern tool used in Agri-Economics.,"Software automation, AI-driven analytics, and digital monitoring systems."
Agriculture,Agri-Economics,What is the primary objective of Agri-Economics in Agriculture?,To master core theories and practical applications essential for Agriculture professionals.
Agriculture,Agri-Economics,State a major challenge in Agri-Economics.,Adapting to rapidly changing industry standards and technological integration.
Agriculture,Agri-Economics,What are the core components of Agri-Economics?,"Key elements include theoretical frameworks, data analysis, and ethical implementation."
Agriculture,Agri-Economics,Why is Agri-Economics critical for Agriculture students?,It provides the foundational knowledge required for advanced specialization in the field.
Agriculture,Agri-Economics,Mention a modern tool used in Agri-Economics.,"Software automation, AI-driven analytics, and digital monitoring systems."
Banking,Financial Accounting,What is the primary objective of Financial Accounting in Banking?,To master core theories and practical applications essential for Banking professionals.
Banking,Financial Accounting,State a major challenge in Financial Accounting.,Adapting to rapidly changing industry standards and technological integration.
Banking,Financial Accounting,What are the core components of Financial Accounting?,"Key elements include theoretical frameworks, data analysis, and ethical implementation."
Banking,Financial Accounting,Why is Financial Accounting critical for Banking students?,It provides the foundational knowledge required for advanced specialization in the field.
Banking,Financial Accounting,Mention a modern tool used in Financial Accounting.,"Software automation, AI-driven analytics, and digital monitoring systems."
Banking,Financial Accounting,What is the primary objective of Financial Accounting in Banking?,To master core theories and practical applications essential for Banking professionals.
Banking,Financial Accounting,State a major challenge in Financial Accounting.,Adapting to rapidly changing industry standards and technological integration.
Banking,Financial Accounting,What are the core components of Financial Accounting?,"Key elements include theoretical frameworks, data analysis, and ethical implementation."
Banking,Financial Accounting,Why is Financial Accounting critical for Banking students?,It provides the foundational knowledge required for advanced specialization in the field.
Banking,Financial Accounting,Mention a modern tool used in Financial Accounting.,"Software automation, AI-driven analytics, and digital monitoring systems."
Banking,Banking Laws,What is the primary objective of Banking Laws in Banking?,To master core theories and practical applications essential for Banking professionals.
Banking,Banking Laws,State a major challenge in Banking Laws.,Adapting to rapidly changing industry standards and technological integration.
Banking,Banking Laws,What are the core components of Banking Laws?,"Key elements include theoretical frameworks, data analysis, and ethical implementation."
Banking,Banking Laws,Why is Banking Laws critical for Banking students?,It provides the foundational knowledge required for advanced specialization in the field.
Banking,Banking Laws,Mention a modern tool used in Banking Laws.,"Software automation, AI-driven analytics, and digital monitoring systems."
Banking,Banking Laws,What is the primary objective of Banking Laws in Banking?,To master core theories and practical applications essential for Banking professionals.
Banking,Banking Laws,State a major challenge in Banking Laws.,Adapting to rapidly changing industry standards and technological integration.
Banking,Banking Laws,What are the core components of Banking Laws?,"Key elements include theoretical frameworks, data analysis, and ethical implementation."
Banking,Banking Laws,Why is Banking Laws critical for Banking students?,It provides the foundational knowledge required for advanced specialization in the field.
Banking,Banking Laws,Mention a modern tool used in Banking Laws.,"Software automation, AI-driven analytics, and digital monitoring systems."
Banking,Investment Banking,What is the primary objective of Investment Banking in Banking?,To master core theories and practical applications essential for Banking professionals.
Banking,Investment Banking,State a major challenge in Investment Banking.,Adapting to rapidly changing industry standards and technological integration.
Banking,Investment Banking,What are the core components of Investment Banking?,"Key elements include theoretical frameworks, data analysis, and ethical implementation."
Banking,Investment Banking,Why is Investment Banking critical for Banking students?,It provides the foundational knowledge required for advanced specialization in the field.
Banking,Investment Banking,Mention a modern tool used in Investment Banking.,"Software automation, AI-driven analytics, and digital monitoring systems."
Banking,Investment Banking,What is the primary objective of Investment Banking in Banking?,To master core theories and practical applications essential for Banking professionals.
Banking,Investment Banking,State a major challenge in Investment Banking.,Adapting to rapidly changing industry standards and technological integration.
Banking,Investment Banking,What are the core components of Investment Banking?,"Key elements include theoretical frameworks, data analysis, and ethical implementation."
Banking,Investment Banking,Why is Investment Banking critical for Banking students?,It provides the foundational knowledge required for advanced specialization in the field.
Banking,Investment Banking,Mention a modern tool used in Investment Banking.,"Software automation, AI-driven analytics, and digital monitoring systems."
Banking,Risk Management,What is the primary objective of Risk Management in Banking?,To master core theories and practical applications essential for Banking professionals.
Banking,Risk Management,State a major challenge in Risk Management.,Adapting to rapidly changing industry standards and technological integration.
Banking,Risk Management,What are the core components of Risk Management?,"Key elements include theoretical frameworks, data analysis, and ethical implementation."
Banking,Risk Management,Why is Risk Management critical for Banking students?,It provides the foundational knowledge required for advanced specialization in the field.
Banking,Risk Management,Mention a modern tool used in Risk Management.,"Software automation, AI-driven analytics, and digital monitoring systems."
Banking,Risk Management,What is the primary objective of Risk Management in Banking?,To master core theories and practical applications essential for Banking professionals.
Banking,Risk Management,State a major challenge in Risk Management.,Adapting to rapidly changing industry standards and technological integration.
Banking,Risk Management,What are the core components of Risk Management?,"Key elements include theoretical frameworks, data analysis, and ethical implementation."
Banking,Risk Management,Why is Risk Management critical for Banking students?,It provides the foundational knowledge required for advanced specialization in the field.
Banking,Risk Management,Mention a modern tool used in Risk Management.,"Software automation, AI-driven analytics, and digital monitoring systems."
Banking,Retail Banking,What is the primary objective of Retail Banking in Banking?,To master core theories and practical applications essential for Banking professionals.
Banking,Retail Banking,State a major challenge in Retail Banking.,Adapting to rapidly changing industry standards and technological integration.
Banking,Retail Banking,What are the core components of Retail Banking?,"Key elements include theoretical frameworks, data analysis, and ethical implementation."
Banking,Retail Banking,Why is Retail Banking critical for Banking students?,It provides the foundational knowledge required for advanced specialization in the field.
Banking,Retail Banking,Mention a modern tool used in Retail Banking.,"Software automation, AI-driven analytics, and digital monitoring systems."
Banking,Retail Banking,What is the primary objective of Retail Banking in Banking?,To master core theories and practical applications essential for Banking professionals.
Banking,Retail Banking,State a major challenge in Retail Banking.,Adapting to rapidly changing industry standards and technological integration.
Banking,Retail Banking,What are the core components of Retail Banking?,"Key elements include theoretical frameworks, data analysis, and ethical implementation."
Banking,Retail Banking,Why is Retail Banking critical for Banking students?,It provides the foundational knowledge required for advanced specialization in the field.
Banking,Retail Banking,Mention a modern tool used in Retail Banking.,"Software automation, AI-driven analytics, and digital monitoring systems."
Management,Marketing Management,What is the primary objective of Marketing Management in Management?,To master core theories and practical applications essential for Management professionals.
Management,Marketing Management,State a major challenge in Marketing Management.,Adapting to rapidly changing industry standards and technological integration.
Management,Marketing Management,What are the core components of Marketing Management?,"Key elements include theoretical frameworks, data analysis, and ethical implementation."
Management,Marketing Management,Why is Marketing Management critical for Management students?,It provides the foundational knowledge required for advanced specialization in the field.
Management,Marketing Management,Mention a modern tool used in Marketing Management.,"Software automation, AI-driven analytics, and digital monitoring systems."
Management,Marketing Management,What is the primary objective of Marketing Management in Management?,To master core theories and practical applications essential for Management professionals.
Management,Marketing Management,State a major challenge in Marketing Management.,Adapting to rapidly changing industry standards and technological integration.
Management,Marketing Management,What are the core components of Marketing Management?,"Key elements include theoretical frameworks, data analysis, and ethical implementation."
Management,Marketing Management,Why is Marketing Management critical for Management students?,It provides the foundational knowledge required for advanced specialization in the field.
Management,Marketing Management,Mention a modern tool used in Marketing Management.,"Software automation, AI-driven analytics, and digital monitoring systems."
Management,Human Resource Management,What is the primary objective of Human Resource Management in Management?,To master core theories and practical applications essential for Management professionals.
Management,Human Resource Management,State a major challenge in Human Resource Management.,Adapting to rapidly changing industry standards and technological integration.
Management,Human Resource Management,What are the core components of Human Resource Management?,"Key elements include theoretical frameworks, data analysis, and ethical implementation."
Management,Human Resource Management,Why is Human Resource Management critical for Management students?,It provides the foundational knowledge required for advanced specialization in the field.
Management,Human Resource Management,Mention a modern tool used in Human Resource Management.,"Software automation, AI-driven analytics, and digital monitoring systems."
Management,Human Resource Management,What is the primary objective of Human Resource Management in Management?,To master core theories and practical applications essential for Management professionals.
Management,Human Resource Management,State a major challenge in Human Resource Management.,Adapting to rapidly changing industry standards and technological integration.
Management,Human Resource Management,What are the core components of Human Resource Management?,"Key elements include theoretical frameworks, data analysis, and ethical implementation."
Management,Human Resource Management,Why is Human Resource Management critical for Management students?,It provides the foundational knowledge required for advanced specialization in the field.
Management,Human Resource Management,Mention a modern tool used in Human Resource Management.,"Software automation, AI-driven analytics, and digital monitoring systems."
Management,Organizational Behavior,What is the primary objective of Organizational Behavior in Management?,To master core theories and practical applications essential for Management professionals.
Management,Organizational Behavior,State a major challenge in Organizational Behavior.,Adapting to rapidly changing industry standards and technological integration.
Management,Organizational Behavior,What are the core components of Organizational Behavior?,"Key elements include theoretical frameworks, data analysis, and ethical implementation."
Management,Organizational Behavior,Why is Organizational Behavior critical for Management students?,It provides the foundational knowledge required for advanced specialization in the field.
Management,Organizational Behavior,Mention a modern tool used in Organizational Behavior.,"Software automation, AI-driven analytics, and digital monitoring systems."
Management,Organizational Behavior,What is the primary objective of Organizational Behavior in Management?,To master core theories and practical applications essential for Management professionals.
Management,Organizational Behavior,State a major challenge in Organizational Behavior.,Adapting to rapidly changing industry standards and technological integration.
Management,Organizational Behavior,What are the core components of Organizational Behavior?,"Key elements include theoretical frameworks, data analysis, and ethical implementation."
Management,Organizational Behavior,Why is Organizational Behavior critical for Management students?,It provides the foundational knowledge required for advanced specialization in the field.
Management,Organizational Behavior,Mention a modern tool used in Organizational Behavior.,"Software automation, AI-driven analytics, and digital monitoring systems."
Management,Strategic Management,What is the primary objective of Strategic Management in Management?,To master core theories and practical applications essential for Management professionals.
Management,Strategic Management,State a major challenge in Strategic Management.,Adapting to rapidly changing industry standards and technological integration.
Management,Strategic Management,What are the core components of Strategic Management?,"Key elements include theoretical frameworks, data analysis, and ethical implementation."
Management,Strategic Management,Why is Strategic Management critical for Management students?,It provides the foundational knowledge required for advanced specialization in the field.
Management,Strategic Management,Mention a modern tool used in Strategic Management.,"Software automation, AI-driven analytics, and digital monitoring systems."
Management,Strategic Management,What is the primary objective of Strategic Management in Management?,To master core theories and practical applications essential for Management professionals.
Management,Strategic Management,State a major challenge in Strategic Management.,Adapting to rapidly changing industry standards and technological integration.
Management,Strategic Management,What are the core components of Strategic Management?,"Key elements include theoretical frameworks, data analysis, and ethical implementation."
Management,Strategic Management,Why is Strategic Management critical for Management students?,It provides the foundational knowledge required for advanced specialization in the field.
Management,Strategic Management,Mention a modern tool used in Strategic Management.,"Software automation, AI-driven analytics, and digital monitoring systems."
Management,Operations Research,What is the primary objective of Operations Research in Management?,To master core theories and practical applications essential for Management professionals.
Management,Operations Research,State a major challenge in Operations Research.,Adapting to rapidly changing industry standards and technological integration.
Management,Operations Research,What are the core components of Operations Research?,"Key elements include theoretical frameworks, data analysis, and ethical implementation."
Management,Operations Research,Why is Operations Research critical for Management students?,It provides the foundational knowledge required for advanced specialization in the field.
Management,Operations Research,Mention a modern tool used in Operations Research.,"Software automation, AI-driven analytics, and digital monitoring systems."
Management,Operations Research,What is the primary objective of Operations Research in Management?,To master core theories and practical applications essential for Management professionals.
Management,Operations Research,State a major challenge in Operations Research.,Adapting to rapidly changing industry standards and technological integration.
Management,Operations Research,What are the core components of Operations Research?,"Key elements include theoretical frameworks, data analysis, and ethical implementation."
Management,Operations Research,Why is Operations Research critical for Management students?,It provides the foundational knowledge required for advanced specialization in the field.
Management,Operations Research,Mention a modern tool used in Operations Research.,"Software automation, AI-driven analytics, and digital monitoring systems."
Civil Engineering,Structural Analysis,What is the primary objective of Structural Analysis in Civil Engineering?,To master core theories and practical applications essential for Civil Engineering professionals.
Civil Engineering,Structural Analysis,State a major challenge in Structural Analysis.,Adapting to rapidly changing industry standards and technological integration.
Civil Engineering,Structural Analysis,What are the core components of Structural Analysis?,"Key elements include theoretical frameworks, data analysis, and ethical implementation."
Civil Engineering,Structural Analysis,Why is Structural Analysis critical for Civil Engineering students?,It provides the foundational knowledge required for advanced specialization in the field.
Civil Engineering,Structural Analysis,Mention a modern tool used in Structural Analysis.,"Software automation, AI-driven analytics, and digital monitoring systems."
Civil Engineering,Structural Analysis,What is the primary objective of Structural Analysis in Civil Engineering?,To master core theories and practical applications essential for Civil Engineering professionals.
Civil Engineering,Structural Analysis,State a major challenge in Structural Analysis.,Adapting to rapidly changing industry standards and technological integration.
Civil Engineering,Structural Analysis,What are the core components of Structural Analysis?,"Key elements include theoretical frameworks, data analysis, and ethical implementation."
Civil Engineering,Structural Analysis,Why is Structural Analysis critical for Civil Engineering students?,It provides the foundational knowledge required for advanced specialization in the field.
Civil Engineering,Structural Analysis,Mention a modern tool used in Structural Analysis.,"Software automation, AI-driven analytics, and digital monitoring systems."
Civil Engineering,Geotechnical Engineering,What is the primary objective of Geotechnical Engineering in Civil Engineering?,To master core theories and practical applications essential for Civil Engineering professionals.
Civil Engineering,Geotechnical Engineering,State a major challenge in Geotechnical Engineering.,Adapting to rapidly changing industry standards and technological integration.
Civil Engineering,Geotechnical Engineering,What are the core components of Geotechnical Engineering?,"Key elements include theoretical frameworks, data analysis, and ethical implementation."
Civil Engineering,Geotechnical Engineering,Why is Geotechnical Engineering critical for Civil Engineering students?,It provides the foundational knowledge required for advanced specialization in the field.
Civil Engineering,Geotechnical Engineering,Mention a modern tool used in Geotechnical Engineering.,"Software automation, AI-driven analytics, and digital monitoring systems."
Civil Engineering,Geotechnical Engineering,What is the primary objective of Geotechnical Engineering in Civil Engineering?,To master core theories and practical applications essential for Civil Engineering professionals.
Civil Engineering,Geotechnical Engineering,State a major challenge in Geotechnical Engineering.,Adapting to rapidly changing industry standards and technological integration.
Civil Engineering,Geotechnical Engineering,What are the core components of Geotechnical Engineering?,"Key elements include theoretical frameworks, data analysis, and ethical implementation."
Civil Engineering,Geotechnical Engineering,Why is Geotechnical Engineering critical for Civil Engineering students?,It provides the foundational knowledge required for advanced specialization in the field.
Civil Engineering,Geotechnical Engineering,Mention a modern tool used in Geotechnical Engineering.,"Software automation, AI-driven analytics, and digital monitoring systems."
Civil Engineering,Surveying,What is the primary objective of Surveying in Civil Engineering?,To master core theories and practical applications essential for Civil Engineering professionals.
Civil Engineering,Surveying,State a major challenge in Surveying.,Adapting to rapidly changing industry standards and technological integration.
Civil Engineering,Surveying,What are the core components of Surveying?,"Key elements include theoretical frameworks, data analysis, and ethical implementation."
Civil Engineering,Surveying,Why is Surveying critical for Civil Engineering students?,It provides the foundational knowledge required for advanced specialization in the field.
Civil Engineering,Surveying,Mention a modern tool used in Surveying.,"Software automation, AI-driven analytics, and digital monitoring systems."
Civil Engineering,Surveying,What is the primary objective of Surveying in Civil Engineering?,To master core theories and practical applications essential for Civil Engineering professionals.
Civil Engineering,Surveying,State a major challenge in Surveying.,Adapting to rapidly changing industry standards and technological integration.
Civil Engineering,Surveying,What are the core components of Surveying?,"Key elements include theoretical frameworks, data analysis, and ethical implementation."
Civil Engineering,Surveying,Why is Surveying critical for Civil Engineering students?,It provides the foundational knowledge required for advanced specialization in the field.
Civil Engineering,Surveying,Mention a modern tool used in Surveying.,"Software automation, AI-driven analytics, and digital monitoring systems."
Civil Engineering,Hydrology,What is the primary objective of Hydrology in Civil Engineering?,To master core theories and practical applications essential for Civil Engineering professionals.
Civil Engineering,Hydrology,State a major challenge in Hydrology.,Adapting to rapidly changing industry standards and technological integration.
Civil Engineering,Hydrology,What are the core components of Hydrology?,"Key elements include theoretical frameworks, data analysis, and ethical implementation."
Civil Engineering,Hydrology,Why is Hydrology critical for Civil Engineering students?,It provides the foundational knowledge required for advanced specialization in the field.
Civil Engineering,Hydrology,Mention a modern tool used in Hydrology.,"Software automation, AI-driven analytics, and digital monitoring systems."
Civil Engineering,Hydrology,What is the primary objective of Hydrology in Civil Engineering?,To master core theories and practical applications essential for Civil Engineering professionals.
Civil Engineering,Hydrology,State a major challenge in Hydrology.,Adapting to rapidly changing industry standards and technological integration.
Civil Engineering,Hydrology,What are the core components of Hydrology?,"Key elements include theoretical frameworks, data analysis, and ethical implementation."
Civil Engineering,Hydrology,Why is Hydrology critical for Civil Engineering students?,It provides the foundational knowledge required for advanced specialization in the field.
Civil Engineering,Hydrology,Mention a modern tool used in Hydrology.,"Software automation, AI-driven analytics, and digital monitoring systems."
Civil Engineering,Construction Management,What is the primary objective of Construction Management in Civil Engineering?,To master core theories and practical applications essential for Civil Engineering professionals.
Civil Engineering,Construction Management,State a major challenge in Construction Management.,Adapting to rapidly changing industry standards and technological integration.
Civil Engineering,Construction Management,What are the core components of Construction Management?,"Key elements include theoretical frameworks, data analysis, and ethical implementation."
Civil Engineering,Construction Management,Why is Construction Management critical for Civil Engineering students?,It provides the foundational knowledge required for advanced specialization in the field.
Civil Engineering,Construction Management,Mention a modern tool used in Construction Management.,"Software automation, AI-driven analytics, and digital monitoring systems."
Civil Engineering,Construction Management,What is the primary objective of Construction Management in Civil Engineering?,To master core theories and practical applications essential for Civil Engineering professionals.
Civil Engineering,Construction Management,State a major challenge in Construction Management.,Adapting to rapidly changing industry standards and technological integration.
Civil Engineering,Construction Management,What are the core components of Construction Management?,"Key elements include theoretical frameworks, data analysis, and ethical implementation."
Civil Engineering,Construction Management,Why is Construction Management critical for Civil Engineering students?,It provides the foundational knowledge required for advanced specialization in the field.
Civil Engineering,Construction Management,Mention a modern tool used in Construction Management.,"Software automation, AI-driven analytics, and digital monitoring systems."
Hotel Management,Front Office Operations,What is the primary objective of Front Office Operations in Hotel Management?,To master core theories and practical applications essential for Hotel Management professionals.
Hotel Management,Front Office Operations,State a major challenge in Front Office Operations.,Adapting to rapidly changing industry standards and technological integration.
Hotel Management,Front Office Operations,What are the core components of Front Office Operations?,"Key elements include theoretical frameworks, data analysis, and ethical implementation."
Hotel Management,Front Office Operations,Why is Front Office Operations critical for Hotel Management students?,It provides the foundational knowledge required for advanced specialization in the field.
Hotel Management,Front Office Operations,Mention a modern tool used in Front Office Operations.,"Software automation, AI-driven analytics, and digital monitoring systems."
Hotel Management,Front Office Operations,What is the primary objective of Front Office Operations in Hotel Management?,To master core theories and practical applications essential for Hotel Management professionals.
Hotel Management,Front Office Operations,State a major challenge in Front Office Operations.,Adapting to rapidly changing industry standards and technological integration.
Hotel Management,Front Office Operations,What are the core components of Front Office Operations?,"Key elements include theoretical frameworks, data analysis, and ethical implementation."
Hotel Management,Front Office Operations,Why is Front Office Operations critical for Hotel Management students?,It provides the foundational knowledge required for advanced specialization in the field.
Hotel Management,Front Office Operations,Mention a modern tool used in Front Office Operations.,"Software automation, AI-driven analytics, and digital monitoring systems."
Hotel Management,Food Production,What is the primary objective of Food Production in Hotel Management?,To master core theories and practical applications essential for Hotel Management professionals.
Hotel Management,Food Production,State a major challenge in Food Production.,Adapting to rapidly changing industry standards and technological integration.
Hotel Management,Food Production,What are the core components of Food Production?,"Key elements include theoretical frameworks, data analysis, and ethical implementation."
Hotel Management,Food Production,Why is Food Production critical for Hotel Management students?,It provides the foundational knowledge required for advanced specialization in the field.
Hotel Management,Food Production,Mention a modern tool used in Food Production.,"Software automation, AI-driven analytics, and digital monitoring systems."
Hotel Management,Food Production,What is the primary objective of Food Production in Hotel Management?,To master core theories and practical applications essential for Hotel Management professionals.
Hotel Management,Food Production,State a major challenge in Food Production.,Adapting to rapidly changing industry standards and technological integration.
Hotel Management,Food Production,What are the core components of Food Production?,"Key elements include theoretical frameworks, data analysis, and ethical implementation."
Hotel Management,Food Production,Why is Food Production critical for Hotel Management students?,It provides the foundational knowledge required for advanced specialization in the field.
Hotel Management,Food Production,Mention a modern tool used in Food Production.,"Software automation, AI-driven analytics, and digital monitoring systems."
Hotel Management,Housekeeping,What is the primary objective of Housekeeping in Hotel Management?,To master core theories and practical applications essential for Hotel Management professionals.
Hotel Management,Housekeeping,State a major challenge in Housekeeping.,Adapting to rapidly changing industry standards and technological integration.
Hotel Management,Housekeeping,What are the core components of Housekeeping?,"Key elements include theoretical frameworks, data analysis, and ethical implementation."
Hotel Management,Housekeeping,Why is Housekeeping critical for Hotel Management students?,It provides the foundational knowledge required for advanced specialization in the field.
Hotel Management,Housekeeping,Mention a modern tool used in Housekeeping.,"Software automation, AI-driven analytics, and digital monitoring systems."
Hotel Management,Housekeeping,What is the primary objective of Housekeeping in Hotel Management?,To master core theories and practical applications essential for Hotel Management professionals.
Hotel Management,Housekeeping,State a major challenge in Housekeeping.,Adapting to rapidly changing industry standards and technological integration.
Hotel Management,Housekeeping,What are the core components of Housekeeping?,"Key elements include theoretical frameworks, data analysis, and ethical implementation."
Hotel Management,Housekeeping,Why is Housekeeping critical for Hotel Management students?,It provides the foundational knowledge required for advanced specialization in the field.
Hotel Management,Housekeeping,Mention a modern tool used in Housekeeping.,"Software automation, AI-driven analytics, and digital monitoring systems."
Hotel Management,F&B Service,What is the primary objective of F&B Service in Hotel Management?,To master core theories and practical applications essential for Hotel Management professionals.
Hotel Management,F&B Service,State a major challenge in F&B Service.,Adapting to rapidly changing industry standards and technological integration.
Hotel Management,F&B Service,What are the core components of F&B Service?,"Key elements include theoretical frameworks, data analysis, and ethical implementation."
Hotel Management,F&B Service,Why is F&B Service critical for Hotel Management students?,It provides the foundational knowledge required for advanced specialization in the field.
Hotel Management,F&B Service,Mention a modern tool used in F&B Service.,"Software automation, AI-driven analytics, and digital monitoring systems."
Hotel Management,F&B Service,What is the primary objective of F&B Service in Hotel Management?,To master core theories and practical applications essential for Hotel Management professionals.
Hotel Management,F&B Service,State a major challenge in F&B Service.,Adapting to rapidly changing industry standards and technological integration.
Hotel Management,F&B Service,What are the core components of F&B Service?,"Key elements include theoretical frameworks, data analysis, and ethical implementation."
Hotel Management,F&B Service,Why is F&B Service critical for Hotel Management students?,It provides the foundational knowledge required for advanced specialization in the field.
Hotel Management,F&B Service,Mention a modern tool used in F&B Service.,"Software automation, AI-driven analytics, and digital monitoring systems."
Hotel Management,Hospitality Marketing,What is the primary objective of Hospitality Marketing in Hotel Management?,To master core theories and practical applications essential for Hotel Management professionals.
Hotel Management,Hospitality Marketing,State a major challenge in Hospitality Marketing.,Adapting to rapidly changing industry standards and technological integration.
Hotel Management,Hospitality Marketing,What are the core components of Hospitality Marketing?,"Key elements include theoretical frameworks, data analysis, and ethical implementation."
Hotel Management,Hospitality Marketing,Why is Hospitality Marketing critical for Hotel Management students?,It provides the foundational knowledge required for advanced specialization in the field.
Hotel Management,Hospitality Marketing,Mention a modern tool used in Hospitality Marketing.,"Software automation, AI-driven analytics, and digital monitoring systems."
Hotel Management,Hospitality Marketing,What is the primary objective of Hospitality Marketing in Hotel Management?,To master core theories and practical applications essential for Hotel Management professionals.
Hotel Management,Hospitality Marketing,State a major challenge in Hospitality Marketing.,Adapting to rapidly changing industry standards and technological integration.
Hotel Management,Hospitality Marketing,What are the core components of Hospitality Marketing?,"Key elements include theoretical frameworks, data analysis, and ethical implementation."
Hotel Management,Hospitality Marketing,Why is Hospitality Marketing critical for Hotel Management students?,It provides the foundational knowledge required for advanced specialization in the field.
Hotel Management,Hospitality Marketing,Mention a modern tool used in Hospitality Marketing.,"Software automation, AI-driven analytics, and digital monitoring systems."
Commerce,Business Studies,What is the primary objective of Business Studies in Commerce?,To master core theories and practical applications essential for Commerce professionals.
Commerce,Business Studies,State a major challenge in Business Studies.,Adapting to rapidly changing industry standards and technological integration.
Commerce,Business Studies,What are the core components of Business Studies?,"Key elements include theoretical frameworks, data analysis, and ethical implementation."
Commerce,Business Studies,Why is Business Studies critical for Commerce students?,It provides the foundational knowledge required for advanced specialization in the field.
Commerce,Business Studies,Mention a modern tool used in Business Studies.,"Software automation, AI-driven analytics, and digital monitoring systems."
Commerce,Business Studies,What is the primary objective of Business Studies in Commerce?,To master core theories and practical applications essential for Commerce professionals.
Commerce,Business Studies,State a major challenge in Business Studies.,Adapting to rapidly changing industry standards and technological integration.
Commerce,Business Studies,What are the core components of Business Studies?,"Key elements include theoretical frameworks, data analysis, and ethical implementation."
Commerce,Business Studies,Why is Business Studies critical for Commerce students?,It provides the foundational knowledge required for advanced specialization in the field.
Commerce,Business Studies,Mention a modern tool used in Business Studies.,"Software automation, AI-driven analytics, and digital monitoring systems."
Commerce,Accountancy,What is the primary objective of Accountancy in Commerce?,To master core theories and practical applications essential for Commerce professionals.
Commerce,Accountancy,State a major challenge in Accountancy.,Adapting to rapidly changing industry standards and technological integration.
Commerce,Accountancy,What are the core components of Accountancy?,"Key elements include theoretical frameworks, data analysis, and ethical implementation."
Commerce,Accountancy,Why is Accountancy critical for Commerce students?,It provides the foundational knowledge required for advanced specialization in the field.
Commerce,Accountancy,Mention a modern tool used in Accountancy.,"Software automation, AI-driven analytics, and digital monitoring systems."
Commerce,Accountancy,What is the primary objective of Accountancy in Commerce?,To master core theories and practical applications essential for Commerce professionals.
Commerce,Accountancy,State a major challenge in Accountancy.,Adapting to rapidly changing industry standards and technological integration.
Commerce,Accountancy,What are the core components of Accountancy?,"Key elements include theoretical frameworks, data analysis, and ethical implementation."
Commerce,Accountancy,Why is Accountancy critical for Commerce students?,It provides the foundational knowledge required for advanced specialization in the field.
Commerce,Accountancy,Mention a modern tool used in Accountancy.,"Software automation, AI-driven analytics, and digital monitoring systems."
Commerce,Economics,What is the primary objective of Economics in Commerce?,To master core theories and practical applications essential for Commerce professionals.
Commerce,Economics,State a major challenge in Economics.,Adapting to rapidly changing industry standards and technological integration.
Commerce,Economics,What are the core components of Economics?,"Key elements include theoretical frameworks, data analysis, and ethical implementation."
Commerce,Economics,Why is Economics critical for Commerce students?,It provides the foundational knowledge required for advanced specialization in the field.
Commerce,Economics,Mention a modern tool used in Economics.,"Software automation, AI-driven analytics, and digital monitoring systems."
Commerce,Economics,What is the primary objective of Economics in Commerce?,To master core theories and practical applications essential for Commerce professionals.
Commerce,Economics,State a major challenge in Economics.,Adapting to rapidly changing industry standards and technological integration.
Commerce,Economics,What are the core components of Economics?,"Key elements include theoretical frameworks, data analysis, and ethical implementation."
Commerce,Economics,Why is Economics critical for Commerce students?,It provides the foundational knowledge required for advanced specialization in the field.
Commerce,Economics,Mention a modern tool used in Economics.,"Software automation, AI-driven analytics, and digital monitoring systems."
Commerce,Business Law,What is the primary objective of Business Law in Commerce?,To master core theories and practical applications essential for Commerce professionals.
Commerce,Business Law,State a major challenge in Business Law.,Adapting to rapidly changing industry standards and technological integration.
Commerce,Business Law,What are the core components of Business Law?,"Key elements include theoretical frameworks, data analysis, and ethical implementation."
Commerce,Business Law,Why is Business Law critical for Commerce students?,It provides the foundational knowledge required for advanced specialization in the field.
Commerce,Business Law,Mention a modern tool used in Business Law.,"Software automation, AI-driven analytics, and digital monitoring systems."
Commerce,Business Law,What is the primary objective of Business Law in Commerce?,To master core theories and practical applications essential for Commerce professionals.
Commerce,Business Law,State a major challenge in Business Law.,Adapting to rapidly changing industry standards and technological integration.
Commerce,Business Law,What are the core components of Business Law?,"Key elements include theoretical frameworks, data analysis, and ethical implementation."
Commerce,Business Law,Why is Business Law critical for Commerce students?,It provides the foundational knowledge required for advanced specialization in the field.
Commerce,Business Law,Mention a modern tool used in Business Law.,"Software automation, AI-driven analytics, and digital monitoring systems."
Commerce,Audit & Assurance,What is the primary objective of Audit & Assurance in Commerce?,To master core theories and practical applications essential for Commerce professionals.
Commerce,Audit & Assurance,State a major challenge in Audit & Assurance.,Adapting to rapidly changing industry standards and technological integration.
Commerce,Audit & Assurance,What are the core components of Audit & Assurance?,"Key elements include theoretical frameworks, data analysis, and ethical implementation."
Commerce,Audit & Assurance,Why is Audit & Assurance critical for Commerce students?,It provides the foundational knowledge required for advanced specialization in the field.
Commerce,Audit & Assurance,Mention a modern tool used in Audit & Assurance.,"Software automation, AI-driven analytics, and digital monitoring systems."
Commerce,Audit & Assurance,What is the primary objective of Audit & Assurance in Commerce?,To master core theories and practical applications essential for Commerce professionals.
Commerce,Audit & Assurance,State a major challenge in Audit & Assurance.,Adapting to rapidly changing industry standards and technological integration.
Commerce,Audit & Assurance,What are the core components of Audit & Assurance?,"Key elements include theoretical frameworks, data analysis, and ethical implementation."
Commerce,Audit & Assurance,Why is Audit & Assurance critical for Commerce students?,It provides the foundational knowledge required for advanced specialization in the field.
Commerce,Audit & Assurance,Mention a modern tool used in Audit & Assurance.,"Software automation, AI-driven analytics, and digital monitoring systems."
Law,Constitutional Law,What is the primary objective of Constitutional Law in Law?,To master core theories and practical applications essential for Law professionals.
Law,Constitutional Law,State a major challenge in Constitutional Law.,Adapting to rapidly changing industry standards and technological integration.
Law,Constitutional Law,What are the core components of Constitutional Law?,"Key elements include theoretical frameworks, data analysis, and ethical implementation."
Law,Constitutional Law,Why is Constitutional Law critical for Law students?,It provides the foundational knowledge required for advanced specialization in the field.
Law,Constitutional Law,Mention a modern tool used in Constitutional Law.,"Software automation, AI-driven analytics, and digital monitoring systems."
Law,Constitutional Law,What is the primary objective of Constitutional Law in Law?,To master core theories and practical applications essential for Law professionals.
Law,Constitutional Law,State a major challenge in Constitutional Law.,Adapting to rapidly changing industry standards and technological integration.
Law,Constitutional Law,What are the core components of Constitutional Law?,"Key elements include theoretical frameworks, data analysis, and ethical implementation."
Law,Constitutional Law,Why is Constitutional Law critical for Law students?,It provides the foundational knowledge required for advanced specialization in the field.
Law,Constitutional Law,Mention a modern tool used in Constitutional Law.,"Software automation, AI-driven analytics, and digital monitoring systems."
Law,Criminal Law,What is the primary objective of Criminal Law in Law?,To master core theories and practical applications essential for Law professionals.
Law,Criminal Law,State a major challenge in Criminal Law.,Adapting to rapidly changing industry standards and technological integration.
Law,Criminal Law,What are the core components of Criminal Law?,"Key elements include theoretical frameworks, data analysis, and ethical implementation."
Law,Criminal Law,Why is Criminal Law critical for Law students?,It provides the foundational knowledge required for advanced specialization in the field.
Law,Criminal Law,Mention a modern tool used in Criminal Law.,"Software automation, AI-driven analytics, and digital monitoring systems."
Law,Criminal Law,What is the primary objective of Criminal Law in Law?,To master core theories and practical applications essential for Law professionals.
Law,Criminal Law,State a major challenge in Criminal Law.,Adapting to rapidly changing industry standards and technological integration.
Law,Criminal Law,What are the core components of Criminal Law?,"Key elements include theoretical frameworks, data analysis, and ethical implementation."
Law,Criminal Law,Why is Criminal Law critical for Law students?,It provides the foundational knowledge required for advanced specialization in the field.
Law,Criminal Law,Mention a modern tool used in Criminal Law.,"Software automation, AI-driven analytics, and digital monitoring systems."
Law,Civil Procedure Code,What is the primary objective of Civil Procedure Code in Law?,To master core theories and practical applications essential for Law professionals.
Law,Civil Procedure Code,State a major challenge in Civil Procedure Code.,Adapting to rapidly changing industry standards and technological integration.
Law,Civil Procedure Code,What are the core components of Civil Procedure Code?,"Key elements include theoretical frameworks, data analysis, and ethical implementation."
Law,Civil Procedure Code,Why is Civil Procedure Code critical for Law students?,It provides the foundational knowledge required for advanced specialization in the field.
Law,Civil Procedure Code,Mention a modern tool used in Civil Procedure Code.,"Software automation, AI-driven analytics, and digital monitoring systems."
Law,Civil Procedure Code,What is the primary objective of Civil Procedure Code in Law?,To master core theories and practical applications essential for Law professionals.
Law,Civil Procedure Code,State a major challenge in Civil Procedure Code.,Adapting to rapidly changing industry standards and technological integration.
Law,Civil Procedure Code,What are the core components of Civil Procedure Code?,"Key elements include theoretical frameworks, data analysis, and ethical implementation."
Law,Civil Procedure Code,Why is Civil Procedure Code critical for Law students?,It provides the foundational knowledge required for advanced specialization in the field.
Law,Civil Procedure Code,Mention a modern tool used in Civil Procedure Code.,"Software automation, AI-driven analytics, and digital monitoring systems."
Law,Corporate Law,What is the primary objective of Corporate Law in Law?,To master core theories and practical applications essential for Law professionals.
Law,Corporate Law,State a major challenge in Corporate Law.,Adapting to rapidly changing industry standards and technological integration.
Law,Corporate Law,What are the core components of Corporate Law?,"Key elements include theoretical frameworks, data analysis, and ethical implementation."
Law,Corporate Law,Why is Corporate Law critical for Law students?,It provides the foundational knowledge required for advanced specialization in the field.
Law,Corporate Law,Mention a modern tool used in Corporate Law.,"Software automation, AI-driven analytics, and digital monitoring systems."
Law,Corporate Law,What is the primary objective of Corporate Law in Law?,To master core theories and practical applications essential for Law professionals.
Law,Corporate Law,State a major challenge in Corporate Law.,Adapting to rapidly changing industry standards and technological integration.
Law,Corporate Law,What are the core components of Corporate Law?,"Key elements include theoretical frameworks, data analysis, and ethical implementation."
Law,Corporate Law,Why is Corporate Law critical for Law students?,It provides the foundational knowledge required for advanced specialization in the field.
Law,Corporate Law,Mention a modern tool used in Corporate Law.,"Software automation, AI-driven analytics, and digital monitoring systems."
Law,Jurisprudence,What is the primary objective of Jurisprudence in Law?,To master core theories and practical applications essential for Law professionals.
Law,Jurisprudence,State a major challenge in Jurisprudence.,Adapting to rapidly changing industry standards and technological integration.
Law,Jurisprudence,What are the core components of Jurisprudence?,"Key elements include theoretical frameworks, data analysis, and ethical implementation."
Law,Jurisprudence,Why is Jurisprudence critical for Law students?,It provides the foundational knowledge required for advanced specialization in the field.
Law,Jurisprudence,Mention a modern tool used in Jurisprudence.,"Software automation, AI-driven analytics, and digital monitoring systems."
Law,Jurisprudence,What is the primary objective of Jurisprudence in Law?,To master core theories and practical applications essential for Law professionals.
Law,Jurisprudence,State a major challenge in Jurisprudence.,Adapting to rapidly changing industry standards and technological integration.
Law,Jurisprudence,What are the core components of Jurisprudence?,"Key elements include theoretical frameworks, data analysis, and ethical implementation."
Law,Jurisprudence,Why is Jurisprudence critical for Law students?,It provides the foundational knowledge required for advanced specialization in the field.
Law,Jurisprudence,Mention a modern tool used in Jurisprudence.,"Software automation, AI-driven analytics, and digital monitoring systems."
UPSC,Indian Polity,What is the primary objective of Indian Polity in UPSC?,To master core theories and practical applications essential for UPSC professionals.
UPSC,Indian Polity,State a major challenge in Indian Polity.,Adapting to rapidly changing industry standards and technological integration.
UPSC,Indian Polity,What are the core components of Indian Polity?,"Key elements include theoretical frameworks, data analysis, and ethical implementation."
UPSC,Indian Polity,Why is Indian Polity critical for UPSC students?,It provides the foundational knowledge required for advanced specialization in the field.
UPSC,Indian Polity,Mention a modern tool used in Indian Polity.,"Software automation, AI-driven analytics, and digital monitoring systems."
UPSC,Indian Polity,What is the primary objective of Indian Polity in UPSC?,To master core theories and practical applications essential for UPSC professionals.
UPSC,Indian Polity,State a major challenge in Indian Polity.,Adapting to rapidly changing industry standards and technological integration.
UPSC,Indian Polity,What are the core components of Indian Polity?,"Key elements include theoretical frameworks, data analysis, and ethical implementation."
UPSC,Indian Polity,Why is Indian Polity critical for UPSC students?,It provides the foundational knowledge required for advanced specialization in the field.
UPSC,Indian Polity,Mention a modern tool used in Indian Polity.,"Software automation, AI-driven analytics, and digital monitoring systems."
UPSC,Modern Indian History,What is the primary objective of Modern Indian History in UPSC?,To master core theories and practical applications essential for UPSC professionals.
UPSC,Modern Indian History,State a major challenge in Modern Indian History.,Adapting to rapidly changing industry standards and technological integration.
UPSC,Modern Indian History,What are the core components of Modern Indian History?,"Key elements include theoretical frameworks, data analysis, and ethical implementation."
UPSC,Modern Indian History,Why is Modern Indian History critical for UPSC students?,It provides the foundational knowledge required for advanced specialization in the field.
UPSC,Modern Indian History,Mention a modern tool used in Modern Indian History.,"Software automation, AI-driven analytics, and digital monitoring systems."
UPSC,Modern Indian History,What is the primary objective of Modern Indian History in UPSC?,To master core theories and practical applications essential for UPSC professionals.
UPSC,Modern Indian History,State a major challenge in Modern Indian History.,Adapting to rapidly changing industry standards and technological integration.
UPSC,Modern Indian History,What are the core components of Modern Indian History?,"Key elements include theoretical frameworks, data analysis, and ethical implementation."
UPSC,Modern Indian History,Why is Modern Indian History critical for UPSC students?,It provides the foundational knowledge required for advanced specialization in the field.
UPSC,Modern Indian History,Mention a modern tool used in Modern Indian History.,"Software automation, AI-driven analytics, and digital monitoring systems."
UPSC,Geography,What is the primary objective of Geography in UPSC?,To master core theories and practical applications essential for UPSC professionals.
UPSC,Geography,State a major challenge in Geography.,Adapting to rapidly changing industry standards and technological integration.
UPSC,Geography,What are the core components of Geography?,"Key elements include theoretical frameworks, data analysis, and ethical implementation."
UPSC,Geography,Why is Geography critical for UPSC students?,It provides the foundational knowledge required for advanced specialization in the field.
UPSC,Geography,Mention a modern tool used in Geography.,"Software automation, AI-driven analytics, and digital monitoring systems."
UPSC,Geography,What is the primary objective of Geography in UPSC?,To master core theories and practical applications essential for UPSC professionals.
UPSC,Geography,State a major challenge in Geography.,Adapting to rapidly changing industry standards and technological integration.
UPSC,Geography,What are the core components of Geography?,"Key elements include theoretical frameworks, data analysis, and ethical implementation."
UPSC,Geography,Why is Geography critical for UPSC students?,It provides the foundational knowledge required for advanced specialization in the field.
UPSC,Geography,Mention a modern tool used in Geography.,"Software automation, AI-driven analytics, and digital monitoring systems."
UPSC,Ethics & Integrity,What is the primary objective of Ethics & Integrity in UPSC?,To master core theories and practical applications essential for UPSC professionals.
UPSC,Ethics & Integrity,State a major challenge in Ethics & Integrity.,Adapting to rapidly changing industry standards and technological integration.
UPSC,Ethics & Integrity,What are the core components of Ethics & Integrity?,"Key elements include theoretical frameworks, data analysis, and ethical implementation."
UPSC,Ethics & Integrity,Why is Ethics & Integrity critical for UPSC students?,It provides the foundational knowledge required for advanced specialization in the field.
UPSC,Ethics & Integrity,Mention a modern tool used in Ethics & Integrity.,"Software automation, AI-driven analytics, and digital monitoring systems."
UPSC,Ethics & Integrity,What is the primary objective of Ethics & Integrity in UPSC?,To master core theories and practical applications essential for UPSC professionals.
UPSC,Ethics & Integrity,State a major challenge in Ethics & Integrity.,Adapting to rapidly changing industry standards and technological integration.
UPSC,Ethics & Integrity,What are the core components of Ethics & Integrity?,"Key elements include theoretical frameworks, data analysis, and ethical implementation."
UPSC,Ethics & Integrity,Why is Ethics & Integrity critical for UPSC students?,It provides the foundational knowledge required for advanced specialization in the field.
UPSC,Ethics & Integrity,Mention a modern tool used in Ethics & Integrity.,"Software automation, AI-driven analytics, and digital monitoring systems."
UPSC,International Relations,What is the primary objective of International Relations in UPSC?,To master core theories and practical applications essential for UPSC professionals.
UPSC,International Relations,State a major challenge in International Relations.,Adapting to rapidly changing industry standards and technological integration.
UPSC,International Relations,What are the core components of International Relations?,"Key elements include theoretical frameworks, data analysis, and ethical implementation."
UPSC,International Relations,Why is International Relations critical for UPSC students?,It provides the foundational knowledge required for advanced specialization in the field.
UPSC,International Relations,Mention a modern tool used in International Relations.,"Software automation, AI-driven analytics, and digital monitoring systems."
UPSC,International Relations,What is the primary objective of International Relations in UPSC?,To master core theories and practical applications essential for UPSC professionals.
UPSC,International Relations,State a major challenge in International Relations.,Adapting to rapidly changing industry standards and technological integration.
UPSC,International Relations,What are the core components of International Relations?,"Key elements include theoretical frameworks, data analysis, and ethical implementation."
UPSC,International Relations,Why is International Relations critical for UPSC students?,It provides the foundational knowledge required for advanced specialization in the field.
UPSC,International Relations,Mention a modern tool used in International Relations.,"Software automation, AI-driven analytics, and digital monitoring systems."
Education,Teaching Aptitude,What is the primary objective of Teaching Aptitude in Education?,To master core theories and practical applications essential for Education professionals.
Education,Teaching Aptitude,State a major challenge in Teaching Aptitude.,Adapting to rapidly changing industry standards and technological integration.
Education,Teaching Aptitude,What are the core components of Teaching Aptitude?,"Key elements include theoretical frameworks, data analysis, and ethical implementation."
Education,Teaching Aptitude,Why is Teaching Aptitude critical for Education students?,It provides the foundational knowledge required for advanced specialization in the field.
Education,Teaching Aptitude,Mention a modern tool used in Teaching Aptitude.,"Software automation, AI-driven analytics, and digital monitoring systems."
Education,Teaching Aptitude,What is the primary objective of Teaching Aptitude in Education?,To master core theories and practical applications essential for Education professionals.
Education,Teaching Aptitude,State a major challenge in Teaching Aptitude.,Adapting to rapidly changing industry standards and technological integration.
Education,Teaching Aptitude,What are the core components of Teaching Aptitude?,"Key elements include theoretical frameworks, data analysis, and ethical implementation."
Education,Teaching Aptitude,Why is Teaching Aptitude critical for Education students?,It provides the foundational knowledge required for advanced specialization in the field.
Education,Teaching Aptitude,Mention a modern tool used in Teaching Aptitude.,"Software automation, AI-driven analytics, and digital monitoring systems."
Education,Educational Psychology,What is the primary objective of Educational Psychology in Education?,To master core theories and practical applications essential for Education professionals.
Education,Educational Psychology,State a major challenge in Educational Psychology.,Adapting to rapidly changing industry standards and technological integration.
Education,Educational Psychology,What are the core components of Educational Psychology?,"Key elements include theoretical frameworks, data analysis, and ethical implementation."
Education,Educational Psychology,Why is Educational Psychology critical for Education students?,It provides the foundational knowledge required for advanced specialization in the field.
Education,Educational Psychology,Mention a modern tool used in Educational Psychology.,"Software automation, AI-driven analytics, and digital monitoring systems."
Education,Educational Psychology,What is the primary objective of Educational Psychology in Education?,To master core theories and practical applications essential for Education professionals.
Education,Educational Psychology,State a major challenge in Educational Psychology.,Adapting to rapidly changing industry standards and technological integration.
Education,Educational Psychology,What are the core components of Educational Psychology?,"Key elements include theoretical frameworks, data analysis, and ethical implementation."
Education,Educational Psychology,Why is Educational Psychology critical for Education students?,It provides the foundational knowledge required for advanced specialization in the field.
Education,Educational Psychology,Mention a modern tool used in Educational Psychology.,"Software automation, AI-driven analytics, and digital monitoring systems."
Education,Curriculum Development,What is the primary objective of Curriculum Development in Education?,To master core theories and practical applications essential for Education professionals.
Education,Curriculum Development,State a major challenge in Curriculum Development.,Adapting to rapidly changing industry standards and technological integration.
Education,Curriculum Development,What are the core components of Curriculum Development?,"Key elements include theoretical frameworks, data analysis, and ethical implementation."
Education,Curriculum Development,Why is Curriculum Development critical for Education students?,It provides the foundational knowledge required for advanced specialization in the field.
Education,Curriculum Development,Mention a modern tool used in Curriculum Development.,"Software automation, AI-driven analytics, and digital monitoring systems."
Education,Curriculum Development,What is the primary objective of Curriculum Development in Education?,To master core theories and practical applications essential for Education professionals.
Education,Curriculum Development,State a major challenge in Curriculum Development.,Adapting to rapidly changing industry standards and technological integration.
Education,Curriculum Development,What are the core components of Curriculum Development?,"Key elements include theoretical frameworks, data analysis, and ethical implementation."
Education,Curriculum Development,Why is Curriculum Development critical for Education students?,It provides the foundational knowledge required for advanced specialization in the field.
Education,Curriculum Development,Mention a modern tool used in Curriculum Development.,"Software automation, AI-driven analytics, and digital monitoring systems."
Education,School Management,What is the primary objective of School Management in Education?,To master core theories and practical applications essential for Education professionals.
Education,School Management,State a major challenge in School Management.,Adapting to rapidly changing industry standards and technological integration.
Education,School Management,What are the core components of School Management?,"Key elements include theoretical frameworks, data analysis, and ethical implementation."
Education,School Management,Why is School Management critical for Education students?,It provides the foundational knowledge required for advanced specialization in the field.
Education,School Management,Mention a modern tool used in School Management.,"Software automation, AI-driven analytics, and digital monitoring systems."
Education,School Management,What is the primary objective of School Management in Education?,To master core theories and practical applications essential for Education professionals.
Education,School Management,State a major challenge in School Management.,Adapting to rapidly changing industry standards and technological integration.
Education,School Management,What are the core components of School Management?,"Key elements include theoretical frameworks, data analysis, and ethical implementation."
Education,School Management,Why is School Management critical for Education students?,It provides the foundational knowledge required for advanced specialization in the field.
Education,School Management,Mention a modern tool used in School Management.,"Software automation, AI-driven analytics, and digital monitoring systems."
Education,Inclusive Education,What is the primary objective of Inclusive Education in Education?,To master core theories and practical applications essential for Education professionals.
Education,Inclusive Education,State a major challenge in Inclusive Education.,Adapting to rapidly changing industry standards and technological integration.
Education,Inclusive Education,What are the core components of Inclusive Education?,"Key elements include theoretical frameworks, data analysis, and ethical implementation."
Education,Inclusive Education,Why is Inclusive Education critical for Education students?,It provides the foundational knowledge required for advanced specialization in the field.
Education,Inclusive Education,Mention a modern tool used in Inclusive Education.,"Software automation, AI-driven analytics, and digital monitoring systems."
Education,Inclusive Education,What is the primary objective of Inclusive Education in Education?,To master core theories and practical applications essential for Education professionals.
Education,Inclusive Education,State a major challenge in Inclusive Education.,Adapting to rapidly changing industry standards and technological integration.
Education,Inclusive Education,What are the core components of Inclusive Education?,"Key elements include theoretical frameworks, data analysis, and ethical implementation."
Education,Inclusive Education,Why is Inclusive Education critical for Education students?,It provides the foundational knowledge required for advanced specialization in the field.
Education,Inclusive Education,Mention a modern tool used in Inclusive Education.,"Software automation, AI-driven analytics, and digital monitoring systems."
Design,Visual Arts,What is the primary objective of Visual Arts in Design?,To master core theories and practical applications essential for Design professionals.
Design,Visual Arts,State a major challenge in Visual Arts.,Adapting to rapidly changing industry standards and technological integration.
Design,Visual Arts,What are the core components of Visual Arts?,"Key elements include theoretical frameworks, data analysis, and ethical implementation."
Design,Visual Arts,Why is Visual Arts critical for Design students?,It provides the foundational knowledge required for advanced specialization in the field.
Design,Visual Arts,Mention a modern tool used in Visual Arts.,"Software automation, AI-driven analytics, and digital monitoring systems."
Design,Visual Arts,What is the primary objective of Visual Arts in Design?,To master core theories and practical applications essential for Design professionals.
Design,Visual Arts,State a major challenge in Visual Arts.,Adapting to rapidly changing industry standards and technological integration.
Design,Visual Arts,What are the core components of Visual Arts?,"Key elements include theoretical frameworks, data analysis, and ethical implementation."
Design,Visual Arts,Why is Visual Arts critical for Design students?,It provides the foundational knowledge required for advanced specialization in the field.
Design,Visual Arts,Mention a modern tool used in Visual Arts.,"Software automation, AI-driven analytics, and digital monitoring systems."
Design,Typography,What is the primary objective of Typography in Design?,To master core theories and practical applications essential for Design professionals.
Design,Typography,State a major challenge in Typography.,Adapting to rapidly changing industry standards and technological integration.
Design,Typography,What are the core components of Typography?,"Key elements include theoretical frameworks, data analysis, and ethical implementation."
Design,Typography,Why is Typography critical for Design students?,It provides the foundational knowledge required for advanced specialization in the field.
Design,Typography,Mention a modern tool used in Typography.,"Software automation, AI-driven analytics, and digital monitoring systems."
Design,Typography,What is the primary objective of Typography in Design?,To master core theories and practical applications essential for Design professionals.
Design,Typography,State a major challenge in Typography.,Adapting to rapidly changing industry standards and technological integration.
Design,Typography,What are the core components of Typography?,"Key elements include theoretical frameworks, data analysis, and ethical implementation."
Design,Typography,Why is Typography critical for Design students?,It provides the foundational knowledge required for advanced specialization in the field.
Design,Typography,Mention a modern tool used in Typography.,"Software automation, AI-driven analytics, and digital monitoring systems."
Design,User Experience (UX),What is the primary objective of User Experience (UX) in Design?,To master core theories and practical applications essential for Design professionals.
Design,User Experience (UX),State a major challenge in User Experience (UX).,Adapting to rapidly changing industry standards and technological integration.
Design,User Experience (UX),What are the core components of User Experience (UX)?,"Key elements include theoretical frameworks, data analysis, and ethical implementation."
Design,User Experience (UX),Why is User Experience (UX) critical for Design students?,It provides the foundational knowledge required for advanced specialization in the field.
Design,User Experience (UX),Mention a modern tool used in User Experience (UX).,"Software automation, AI-driven analytics, and digital monitoring systems."
Design,User Experience (UX),What is the primary objective of User Experience (UX) in Design?,To master core theories and practical applications essential for Design professionals.
Design,User Experience (UX),State a major challenge in User Experience (UX).,Adapting to rapidly changing industry standards and technological integration.
Design,User Experience (UX),What are the core components of User Experience (UX)?,"Key elements include theoretical frameworks, data analysis, and ethical implementation."
Design,User Experience (UX),Why is User Experience (UX) critical for Design students?,It provides the foundational knowledge required for advanced specialization in the field.
Design,User Experience (UX),Mention a modern tool used in User Experience (UX).,"Software automation, AI-driven analytics, and digital monitoring systems."
Design,Product Design,What is the primary objective of Product Design in Design?,To master core theories and practical applications essential for Design professionals.
Design,Product Design,State a major challenge in Product Design.,Adapting to rapidly changing industry standards and technological integration.
Design,Product Design,What are the core components of Product Design?,"Key elements include theoretical frameworks, data analysis, and ethical implementation."
Design,Product Design,Why is Product Design critical for Design students?,It provides the foundational knowledge required for advanced specialization in the field.
Design,Product Design,Mention a modern tool used in Product Design.,"Software automation, AI-driven analytics, and digital monitoring systems."
Design,Product Design,What is the primary objective of Product Design in Design?,To master core theories and practical applications essential for Design professionals.
Design,Product Design,State a major challenge in Product Design.,Adapting to rapidly changing industry standards and technological integration.
Design,Product Design,What are the core components of Product Design?,"Key elements include theoretical frameworks, data analysis, and ethical implementation."
Design,Product Design,Why is Product Design critical for Design students?,It provides the foundational knowledge required for advanced specialization in the field.
Design,Product Design,Mention a modern tool used in Product Design.,"Software automation, AI-driven analytics, and digital monitoring systems."
Design,Fashion Illustration,What is the primary objective of Fashion Illustration in Design?,To master core theories and practical applications essential for Design professionals.
Design,Fashion Illustration,State a major challenge in Fashion Illustration.,Adapting to rapidly changing industry standards and technological integration.
Design,Fashion Illustration,What are the core components of Fashion Illustration?,"Key elements include theoretical frameworks, data analysis, and ethical implementation."
Design,Fashion Illustration,Why is Fashion Illustration critical for Design students?,It provides the foundational knowledge required for advanced specialization in the field.
Design,Fashion Illustration,Mention a modern tool used in Fashion Illustration.,"Software automation, AI-driven analytics, and digital monitoring systems."
Design,Fashion Illustration,What is the primary objective of Fashion Illustration in Design?,To master core theories and practical applications essential for Design professionals.
Design,Fashion Illustration,State a major challenge in Fashion Illustration.,Adapting to rapidly changing industry standards and technological integration.
Design,Fashion Illustration,What are the core components of Fashion Illustration?,"Key elements include theoretical frameworks, data analysis, and ethical implementation."
Design,Fashion Illustration,Why is Fashion Illustration critical for Design students?,It provides the foundational knowledge required for advanced specialization in the field.
Design,Fashion Illustration,Mention a modern tool used in Fashion Illustration.,"Software automation, AI-driven analytics, and digital monitoring systems."
Media,Journalism,What is the primary objective of Journalism in Media?,To master core theories and practical applications essential for Media professionals.
Media,Journalism,State a major challenge in Journalism.,Adapting to rapidly changing industry standards and technological integration.
Media,Journalism,What are the core components of Journalism?,"Key elements include theoretical frameworks, data analysis, and ethical implementation."
Media,Journalism,Why is Journalism critical for Media students?,It provides the foundational knowledge required for advanced specialization in the field.
Media,Journalism,Mention a modern tool used in Journalism.,"Software automation, AI-driven analytics, and digital monitoring systems."
Media,Journalism,What is the primary objective of Journalism in Media?,To master core theories and practical applications essential for Media professionals.
Media,Journalism,State a major challenge in Journalism.,Adapting to rapidly changing industry standards and technological integration.
Media,Journalism,What are the core components of Journalism?,"Key elements include theoretical frameworks, data analysis, and ethical implementation."
Media,Journalism,Why is Journalism critical for Media students?,It provides the foundational knowledge required for advanced specialization in the field.
Media,Journalism,Mention a modern tool used in Journalism.,"Software automation, AI-driven analytics, and digital monitoring systems."
Media,Mass Communication,What is the primary objective of Mass Communication in Media?,To master core theories and practical applications essential for Media professionals.
Media,Mass Communication,State a major challenge in Mass Communication.,Adapting to rapidly changing industry standards and technological integration.
Media,Mass Communication,What are the core components of Mass Communication?,"Key elements include theoretical frameworks, data analysis, and ethical implementation."
Media,Mass Communication,Why is Mass Communication critical for Media students?,It provides the foundational knowledge required for advanced specialization in the field.
Media,Mass Communication,Mention a modern tool used in Mass Communication.,"Software automation, AI-driven analytics, and digital monitoring systems."
Media,Mass Communication,What is the primary objective of Mass Communication in Media?,To master core theories and practical applications essential for Media professionals.
Media,Mass Communication,State a major challenge in Mass Communication.,Adapting to rapidly changing industry standards and technological integration.
Media,Mass Communication,What are the core components of Mass Communication?,"Key elements include theoretical frameworks, data analysis, and ethical implementation."
Media,Mass Communication,Why is Mass Communication critical for Media students?,It provides the foundational knowledge required for advanced specialization in the field.
Media,Mass Communication,Mention a modern tool used in Mass Communication.,"Software automation, AI-driven analytics, and digital monitoring systems."
Media,Public Relations,What is the primary objective of Public Relations in Media?,To master core theories and practical applications essential for Media professionals.
Media,Public Relations,State a major challenge in Public Relations.,Adapting to rapidly changing industry standards and technological integration.
Media,Public Relations,What are the core components of Public Relations?,"Key elements include theoretical frameworks, data analysis, and ethical implementation."
Media,Public Relations,Why is Public Relations critical for Media students?,It provides the foundational knowledge required for advanced specialization in the field.
Media,Public Relations,Mention a modern tool used in Public Relations.,"Software automation, AI-driven analytics, and digital monitoring systems."
Media,Public Relations,What is the primary objective of Public Relations in Media?,To master core theories and practical applications essential for Media professionals.
Media,Public Relations,State a major challenge in Public Relations.,Adapting to rapidly changing industry standards and technological integration.
Media,Public Relations,What are the core components of Public Relations?,"Key elements include theoretical frameworks, data analysis, and ethical implementation."
Media,Public Relations,Why is Public Relations critical for Media students?,It provides the foundational knowledge required for advanced specialization in the field.
Media,Public Relations,Mention a modern tool used in Public Relations.,"Software automation, AI-driven analytics, and digital monitoring systems."
Media,Digital Marketing,What is the primary objective of Digital Marketing in Media?,To master core theories and practical applications essential for Media professionals.
Media,Digital Marketing,State a major challenge in Digital Marketing.,Adapting to rapidly changing industry standards and technological integration.
Media,Digital Marketing,What are the core components of Digital Marketing?,"Key elements include theoretical frameworks, data analysis, and ethical implementation."
Media,Digital Marketing,Why is Digital Marketing critical for Media students?,It provides the foundational knowledge required for advanced specialization in the field.
Media,Digital Marketing,Mention a modern tool used in Digital Marketing.,"Software automation, AI-driven analytics, and digital monitoring systems."
Media,Digital Marketing,What is the primary objective of Digital Marketing in Media?,To master core theories and practical applications essential for Media professionals.
Media,Digital Marketing,State a major challenge in Digital Marketing.,Adapting to rapidly changing industry standards and technological integration.
Media,Digital Marketing,What are the core components of Digital Marketing?,"Key elements include theoretical frameworks, data analysis, and ethical implementation."
Media,Digital Marketing,Why is Digital Marketing critical for Media students?,It provides the foundational knowledge required for advanced specialization in the field.
Media,Digital Marketing,Mention a modern tool used in Digital Marketing.,"Software automation, AI-driven analytics, and digital monitoring systems."
Media,Broadcasting,What is the primary objective of Broadcasting in Media?,To master core theories and practical applications essential for Media professionals.
Media,Broadcasting,State a major challenge in Broadcasting.,Adapting to rapidly changing industry standards and technological integration.
Media,Broadcasting,What are the core components of Broadcasting?,"Key elements include theoretical frameworks, data analysis, and ethical implementation."
Media,Broadcasting,Why is Broadcasting critical for Media students?,It provides the foundational knowledge required for advanced specialization in the field.
Media,Broadcasting,Mention a modern tool used in Broadcasting.,"Software automation, AI-driven analytics, and digital monitoring systems."
Media,Broadcasting,What is the primary objective of Broadcasting in Media?,To master core theories and practical applications essential for Media professionals.
Media,Broadcasting,State a major challenge in Broadcasting.,Adapting to rapidly changing industry standards and technological integration.
Media,Broadcasting,What are the core components of Broadcasting?,"Key elements include theoretical frameworks, data analysis, and ethical implementation."
Media,Broadcasting,Why is Broadcasting critical for Media students?,It provides the foundational knowledge required for advanced specialization in the field.
Media,Broadcasting,Mention a modern tool used in Broadcasting.,"Software automation, AI-driven analytics, and digital monitoring systems."
Environmental Science,Ecology,What is the primary objective of Ecology in Environmental Science?,To master core theories and practical applications essential for Environmental Science professionals.
Environmental Science,Ecology,State a major challenge in Ecology.,Adapting to rapidly changing industry standards and technological integration.
Environmental Science,Ecology,What are the core components of Ecology?,"Key elements include theoretical frameworks, data analysis, and ethical implementation."
Environmental Science,Ecology,Why is Ecology critical for Environmental Science students?,It provides the foundational knowledge required for advanced specialization in the field.
Environmental Science,Ecology,Mention a modern tool used in Ecology.,"Software automation, AI-driven analytics, and digital monitoring systems."
Environmental Science,Ecology,What is the primary objective of Ecology in Environmental Science?,To master core theories and practical applications essential for Environmental Science professionals.
Environmental Science,Ecology,State a major challenge in Ecology.,Adapting to rapidly changing industry standards and technological integration.
Environmental Science,Ecology,What are the core components of Ecology?,"Key elements include theoretical frameworks, data analysis, and ethical implementation."
Environmental Science,Ecology,Why is Ecology critical for Environmental Science students?,It provides the foundational knowledge required for advanced specialization in the field.
Environmental Science,Ecology,Mention a modern tool used in Ecology.,"Software automation, AI-driven analytics, and digital monitoring systems."
Environmental Science,Pollution Control,What is the primary objective of Pollution Control in Environmental Science?,To master core theories and practical applications essential for Environmental Science professionals.
Environmental Science,Pollution Control,State a major challenge in Pollution Control.,Adapting to rapidly changing industry standards and technological integration.
Environmental Science,Pollution Control,What are the core components of Pollution Control?,"Key elements include theoretical frameworks, data analysis, and ethical implementation."
Environmental Science,Pollution Control,Why is Pollution Control critical for Environmental Science students?,It provides the foundational knowledge required for advanced specialization in the field.
Environmental Science,Pollution Control,Mention a modern tool used in Pollution Control.,"Software automation, AI-driven analytics, and digital monitoring systems."
Environmental Science,Pollution Control,What is the primary objective of Pollution Control in Environmental Science?,To master core theories and practical applications essential for Environmental Science professionals.
Environmental Science,Pollution Control,State a major challenge in Pollution Control.,Adapting to rapidly changing industry standards and technological integration.
Environmental Science,Pollution Control,What are the core components of Pollution Control?,"Key elements include theoretical frameworks, data analysis, and ethical implementation."
Environmental Science,Pollution Control,Why is Pollution Control critical for Environmental Science students?,It provides the foundational knowledge required for advanced specialization in the field.
Environmental Science,Pollution Control,Mention a modern tool used in Pollution Control.,"Software automation, AI-driven analytics, and digital monitoring systems."
Environmental Science,Environmental Laws,What is the primary objective of Environmental Laws in Environmental Science?,To master core theories and practical applications essential for Environmental Science professionals.
Environmental Science,Environmental Laws,State a major challenge in Environmental Laws.,Adapting to rapidly changing industry standards and technological integration.
Environmental Science,Environmental Laws,What are the core components of Environmental Laws?,"Key elements include theoretical frameworks, data analysis, and ethical implementation."
Environmental Science,Environmental Laws,Why is Environmental Laws critical for Environmental Science students?,It provides the foundational knowledge required for advanced specialization in the field.
Environmental Science,Environmental Laws,Mention a modern tool used in Environmental Laws.,"Software automation, AI-driven analytics, and digital monitoring systems."
Environmental Science,Environmental Laws,What is the primary objective of Environmental Laws in Environmental Science?,To master core theories and practical applications essential for Environmental Science professionals.
Environmental Science,Environmental Laws,State a major challenge in Environmental Laws.,Adapting to rapidly changing industry standards and technological integration.
Environmental Science,Environmental Laws,What are the core components of Environmental Laws?,"Key elements include theoretical frameworks, data analysis, and ethical implementation."
Environmental Science,Environmental Laws,Why is Environmental Laws critical for Environmental Science students?,It provides the foundational knowledge required for advanced specialization in the field.
Environmental Science,Environmental Laws,Mention a modern tool used in Environmental Laws.,"Software automation, AI-driven analytics, and digital monitoring systems."
Environmental Science,Sustainable Development,What is the primary objective of Sustainable Development in Environmental Science?,To master core theories and practical applications essential for Environmental Science professionals.
Environmental Science,Sustainable Development,State a major challenge in Sustainable Development.,Adapting to rapidly changing industry standards and technological integration.
Environmental Science,Sustainable Development,What are the core components of Sustainable Development?,"Key elements include theoretical frameworks, data analysis, and ethical implementation."
Environmental Science,Sustainable Development,Why is Sustainable Development critical for Environmental Science students?,It provides the foundational knowledge required for advanced specialization in the field.
Environmental Science,Sustainable Development,Mention a modern tool used in Sustainable Development.,"Software automation, AI-driven analytics, and digital monitoring systems."
Environmental Science,Sustainable Development,What is the primary objective of Sustainable Development in Environmental Science?,To master core theories and practical applications essential for Environmental Science professionals.
Environmental Science,Sustainable Development,State a major challenge in Sustainable Development.,Adapting to rapidly changing industry standards and technological integration.
Environmental Science,Sustainable Development,What are the core components of Sustainable Development?,"Key elements include theoretical frameworks, data analysis, and ethical implementation."
Environmental Science,Sustainable Development,Why is Sustainable Development critical for Environmental Science students?,It provides the foundational knowledge required for advanced specialization in the field.
Environmental Science,Sustainable Development,Mention a modern tool used in Sustainable Development.,"Software automation, AI-driven analytics, and digital monitoring systems."
Environmental Science,Climate Change,What is the primary objective of Climate Change in Environmental Science?,To master core theories and practical applications essential for Environmental Science professionals.
Environmental Science,Climate Change,State a major challenge in Climate Change.,Adapting to rapidly changing industry standards and technological integration.
Environmental Science,Climate Change,What are the core components of Climate Change?,"Key elements include theoretical frameworks, data analysis, and ethical implementation."
Environmental Science,Climate Change,Why is Climate Change critical for Environmental Science students?,It provides the foundational knowledge required for advanced specialization in the field.
Environmental Science,Climate Change,Mention a modern tool used in Climate Change.,"Software automation, AI-driven analytics, and digital monitoring systems."
Environmental Science,Climate Change,What is the primary objective of Climate Change in Environmental Science?,To master core theories and practical applications essential for Environmental Science professionals.
Environmental Science,Climate Change,State a major challenge in Climate Change.,Adapting to rapidly changing industry standards and technological integration.
Environmental Science,Climate Change,What are the core components of Climate Change?,"Key elements include theoretical frameworks, data analysis, and ethical implementation."
Environmental Science,Climate Change,Why is Climate Change critical for Environmental Science students?,It provides the foundational knowledge required for advanced specialization in the field.
Environmental Science,Climate Change,Mention a modern tool used in Climate Change.,"Software automation, AI-driven analytics, and digital monitoring systems."
Robotics,Control Systems,What is the primary objective of Control Systems in Robotics?,To master core theories and practical applications essential for Robotics professionals.
Robotics,Control Systems,State a major challenge in Control Systems.,Adapting to rapidly changing industry standards and technological integration.
Robotics,Control Systems,What are the core components of Control Systems?,"Key elements include theoretical frameworks, data analysis, and ethical implementation."
Robotics,Control Systems,Why is Control Systems critical for Robotics students?,It provides the foundational knowledge required for advanced specialization in the field.
Robotics,Control Systems,Mention a modern tool used in Control Systems.,"Software automation, AI-driven analytics, and digital monitoring systems."
Robotics,Control Systems,What is the primary objective of Control Systems in Robotics?,To master core theories and practical applications essential for Robotics professionals.
Robotics,Control Systems,State a major challenge in Control Systems.,Adapting to rapidly changing industry standards and technological integration.
Robotics,Control Systems,What are the core components of Control Systems?,"Key elements include theoretical frameworks, data analysis, and ethical implementation."
Robotics,Control Systems,Why is Control Systems critical for Robotics students?,It provides the foundational knowledge required for advanced specialization in the field.
Robotics,Control Systems,Mention a modern tool used in Control Systems.,"Software automation, AI-driven analytics, and digital monitoring systems."
Robotics,Embedded Systems,What is the primary objective of Embedded Systems in Robotics?,To master core theories and practical applications essential for Robotics professionals.
Robotics,Embedded Systems,State a major challenge in Embedded Systems.,Adapting to rapidly changing industry standards and technological integration.
Robotics,Embedded Systems,What are the core components of Embedded Systems?,"Key elements include theoretical frameworks, data analysis, and ethical implementation."
Robotics,Embedded Systems,Why is Embedded Systems critical for Robotics students?,It provides the foundational knowledge required for advanced specialization in the field.
Robotics,Embedded Systems,Mention a modern tool used in Embedded Systems.,"Software automation, AI-driven analytics, and digital monitoring systems."
Robotics,Embedded Systems,What is the primary objective of Embedded Systems in Robotics?,To master core theories and practical applications essential for Robotics professionals.
Robotics,Embedded Systems,State a major challenge in Embedded Systems.,Adapting to rapidly changing industry standards and technological integration.
Robotics,Embedded Systems,What are the core components of Embedded Systems?,"Key elements include theoretical frameworks, data analysis, and ethical implementation."
Robotics,Embedded Systems,Why is Embedded Systems critical for Robotics students?,It provides the foundational knowledge required for advanced specialization in the field.
Robotics,Embedded Systems,Mention a modern tool used in Embedded Systems.,"Software automation, AI-driven analytics, and digital monitoring systems."
Robotics,Mechatronics,What is the primary objective of Mechatronics in Robotics?,To master core theories and practical applications essential for Robotics professionals.
Robotics,Mechatronics,State a major challenge in Mechatronics.,Adapting to rapidly changing industry standards and technological integration.
Robotics,Mechatronics,What are the core components of Mechatronics?,"Key elements include theoretical frameworks, data analysis, and ethical implementation."
Robotics,Mechatronics,Why is Mechatronics critical for Robotics students?,It provides the foundational knowledge required for advanced specialization in the field.
Robotics,Mechatronics,Mention a modern tool used in Mechatronics.,"Software automation, AI-driven analytics, and digital monitoring systems."
Robotics,Mechatronics,What is the primary objective of Mechatronics in Robotics?,To master core theories and practical applications essential for Robotics professionals.
Robotics,Mechatronics,State a major challenge in Mechatronics.,Adapting to rapidly changing industry standards and technological integration.
Robotics,Mechatronics,What are the core components of Mechatronics?,"Key elements include theoretical frameworks, data analysis, and ethical implementation."
Robotics,Mechatronics,Why is Mechatronics critical for Robotics students?,It provides the foundational knowledge required for advanced specialization in the field.
Robotics,Mechatronics,Mention a modern tool used in Mechatronics.,"Software automation, AI-driven analytics, and digital monitoring systems."
Robotics,Kinematics,What is the primary objective of Kinematics in Robotics?,To master core theories and practical applications essential for Robotics professionals.
Robotics,Kinematics,State a major challenge in Kinematics.,Adapting to rapidly changing industry standards and technological integration.
Robotics,Kinematics,What are the core components of Kinematics?,"Key elements include theoretical frameworks, data analysis, and ethical implementation."
Robotics,Kinematics,Why is Kinematics critical for Robotics students?,It provides the foundational knowledge required for advanced specialization in the field.
Robotics,Kinematics,Mention a modern tool used in Kinematics.,"Software automation, AI-driven analytics, and digital monitoring systems."
Robotics,Kinematics,What is the primary objective of Kinematics in Robotics?,To master core theories and practical applications essential for Robotics professionals.
Robotics,Kinematics,State a major challenge in Kinematics.,Adapting to rapidly changing industry standards and technological integration.
Robotics,Kinematics,What are the core components of Kinematics?,"Key elements include theoretical frameworks, data analysis, and ethical implementation."
Robotics,Kinematics,Why is Kinematics critical for Robotics students?,It provides the foundational knowledge required for advanced specialization in the field.
Robotics,Kinematics,Mention a modern tool used in Kinematics.,"Software automation, AI-driven analytics, and digital monitoring systems."
Robotics,Artificial Intelligence,What is the primary objective of Artificial Intelligence in Robotics?,To master core theories and practical applications essential for Robotics professionals.
Robotics,Artificial Intelligence,State a major challenge in Artificial Intelligence.,Adapting to rapidly changing industry standards and technological integration.
Robotics,Artificial Intelligence,What are the core components of Artificial Intelligence?,"Key elements include theoretical frameworks, data analysis, and ethical implementation."
Robotics,Artificial Intelligence,Why is Artificial Intelligence critical for Robotics students?,It provides the foundational knowledge required for advanced specialization in the field.
Robotics,Artificial Intelligence,Mention a modern tool used in Artificial Intelligence.,"Software automation, AI-driven analytics, and digital monitoring systems."
Robotics,Artificial Intelligence,What is the primary objective of Artificial Intelligence in Robotics?,To master core theories and practical applications essential for Robotics professionals.
Robotics,Artificial Intelligence,State a major challenge in Artificial Intelligence.,Adapting to rapidly changing industry standards and technological integration.
Robotics,Artificial Intelligence,What are the core components of Artificial Intelligence?,"Key elements include theoretical frameworks, data analysis, and ethical implementation."
Robotics,Artificial Intelligence,Why is Artificial Intelligence critical for Robotics students?,It provides the foundational knowledge required for advanced specialization in the field.
Robotics,Artificial Intelligence,Mention a modern tool used in Artificial Intelligence.,"Software automation, AI-driven analytics, and digital monitoring systems."
