Branch,Project_Title,Difficulty,Description,Estimated_Time_Weeks,Tech_Stack_Keywords,Project_Brief,GitHub_Link
Information Technology,Network Intrusion Detection System,Advanced,A tool to monitor network traffic and flag suspicious activities.,4,"Python, SQL",A sophisticated security tool that monitors network traffic in real-time to detect and alert administrators of potential cyber-attacks and unauthorized access attempts.,https://github.com/uniguide/nids-security
Management,Employee Performance Tracker,Beginner,A portal for HR to log KPIs and performance reviews.,8,"React, Node.js","A human resources tool that logs key performance indicators (KPIs), tracks project milestones, and generates performance reports for employees.",https://github.com/uniguide/performance-tracker
Information Technology,Virtual Private Network (VPN) Tool,Advanced,A custom VPN implementation for secure data tunneling.,16,"React, Node.js",A custom VPN client and server implementation that encrypts internet traffic and masks user IP addresses to ensure online privacy and security.,https://github.com/uniguide/vpn-tool
Management,Agile Project Management Tool,Intermediate,A Kanban-style task manager for software development teams.,4,"Python, SQL","A collaboration platform for software teams featuring Kanban boards, sprint planning, and progress tracking using burndown charts.",https://github.com/uniguide/agile-pm-tool
Agriculture,Crop Disease Identification App,Advanced,Using leaf images to detect pests or diseases in crops.,8,"Arduino, C++",An AI-powered mobile application that allows farmers to take photos of crops and receive instant diagnosis and treatment recommendations for diseases.,https://github.com/uniguide/crop-disease-id
Banking,Stock Portfolio Simulator,Intermediate,A virtual trading platform to practice investing with real-time data.,12,"Machine Learning, Flask",A virtual investment platform that uses real-market data to allow users to practice trading and managing a diversified stock portfolio without financial risk.,https://github.com/uniguide/stock-simulator
Robotics,Autonomous Delivery Drone,Advanced,A drone programmed to deliver small packages to GPS coordinates.,12,"React, Node.js",A high-end drone project capable of navigating to specific GPS coordinates to deliver small packages without manual pilot intervention.,https://github.com/uniguide/delivery-drone
Agriculture,Crop Disease Identification App,Advanced,Using leaf images to detect pests or diseases in crops.,8,"React, Node.js",An AI-powered mobile application that allows farmers to take photos of crops and receive instant diagnosis and treatment recommendations for diseases.,https://github.com/uniguide/crop-disease-id
Management,Market Sentiment Analysis,Advanced,Using social media data to gauge public opinion on a brand.,8,"React, Node.js",A data analytics tool that scrapes social media and news data to determine the public's emotional response toward specific brands or products.,https://github.com/uniguide/market-sentiment
Design,AR Furniture Placer,Advanced,An app that lets users see how furniture looks in their room via AR.,16,"Arduino, C++",An augmented reality application that lets users visualize how furniture items would look and fit in their actual living space using a smartphone camera.,https://github.com/uniguide/ar-furniture
Hotel Management,Automated Room Service App,Intermediate,A mobile portal for guests to order food or request cleaning.,8,"Arduino, C++","A guest-facing app for hotels that allows customers to browse menus, order food, and request housekeeping services directly from their smartphones.",https://github.com/uniguide/hotel-room-service
Commerce,Supply Chain Tracking System,Intermediate,A log-based system to track products from manufacturer to retailer.,8,"Arduino, C++",A logistics platform that uses barcode/RFID data to provide end-to-end visibility of products as they move from manufacturers to retail shelves.,https://github.com/uniguide/supply-chain-tracker
Agriculture,Hydroponic Monitoring System,Advanced,Automated nutrient and pH balancing for soil-less farming.,4,"Machine Learning, Flask","An automated system for indoor farming that monitors and adjusts water temperature, pH levels, and nutrient concentrations for optimal plant growth.",https://github.com/uniguide/hydroponic-system
Law,AI Legal Document Summarizer,Advanced,A tool that condenses long legal papers into key points.,12,"React, Node.js","An NLP-based application that processes long, complex legal documents and extracts the most critical points, saving time for legal professionals.",https://github.com/uniguide/legal-summarizer
Environmental Science,Air Quality Monitoring Station,Intermediate,Using sensors to measure and display local AQI levels.,8,"Python, SQL","An IoT hardware project that measures local air pollutants (PM2.5, CO2) and displays the Air Quality Index (AQI) on a public web dashboard.",https://github.com/uniguide/aqi-monitor
Medical,Hospital Patient Record Management,Beginner,A database system to securely store and retrieve patient history.,12,"Python, SQL","A secure electronic health record (EHR) system for hospitals to maintain patient history, lab results, and medication records in a centralized database.",https://github.com/uniguide/hospital-records
Medical,AI Skin Cancer Detection,Advanced,Using image processing to identify potential skin irregularities.,12,"Python, SQL",A medical diagnostic tool that utilizes deep learning and image processing to analyze skin lesions and provide preliminary assessments of potential skin cancer.,https://github.com/uniguide/skin-cancer-detection
Pharmacy,Drug Interaction Checker,Advanced,A database-driven tool to check if two medications react poorly.,16,"Machine Learning, Flask",A clinical tool that cross-references a database of medications to identify and warn users about potentially dangerous interactions between different drugs.,https://github.com/uniguide/drug-interaction-checker
Robotics,Autonomous Delivery Drone,Advanced,A drone programmed to deliver small packages to GPS coordinates.,12,"Python, SQL",A high-end drone project capable of navigating to specific GPS coordinates to deliver small packages without manual pilot intervention.,https://github.com/uniguide/delivery-drone
Management,Inventory Management Dashboard,Intermediate,"A tool to track stock levels, orders, and sales trends.",4,"Arduino, C++","An analytics-driven dashboard for businesses to track inventory levels, monitor stock turnover rates, and predict future supply needs.",https://github.com/uniguide/inventory-dashboard
Commerce,E-Commerce Sales Predictor,Advanced,Using historical data to predict peak sales seasons.,12,"Python, SQL",A time-series forecasting model that helps online retailers predict sales volume for different seasons to optimize inventory and marketing.,https://github.com/uniguide/ecommerce-sales-predictor
Agriculture,Hydroponic Monitoring System,Advanced,Automated nutrient and pH balancing for soil-less farming.,8,"Arduino, C++","An automated system for indoor farming that monitors and adjusts water temperature, pH levels, and nutrient concentrations for optimal plant growth.",https://github.com/uniguide/hydroponic-system
Management,Market Sentiment Analysis,Advanced,Using social media data to gauge public opinion on a brand.,12,"Python, SQL",A data analytics tool that scrapes social media and news data to determine the public's emotional response toward specific brands or products.,https://github.com/uniguide/market-sentiment
Banking,Digital Wallet Application,Intermediate,A secure mobile payment system using QR codes.,4,"Machine Learning, Flask","A secure mobile payment app that supports peer-to-peer transfers, bill payments, and QR code-based merchant transactions.",https://github.com/uniguide/digital-wallet
Information Technology,Automated IT Ticketing System,Intermediate,A portal for employees to raise and track technical support issues.,16,"React, Node.js","An enterprise-level portal for managing IT support requests, featuring automated ticket routing, priority levels, and detailed resolution tracking.",https://github.com/uniguide/it-ticketing
Agriculture,Hydroponic Monitoring System,Advanced,Automated nutrient and pH balancing for soil-less farming.,8,"Arduino, C++","An automated system for indoor farming that monitors and adjusts water temperature, pH levels, and nutrient concentrations for optimal plant growth.",https://github.com/uniguide/hydroponic-system
Agriculture,IoT-Based Smart Irrigation System,Intermediate,A system that waters crops based on soil moisture sensor data.,16,"React, Node.js",An automated farming solution that uses soil moisture and weather sensors to optimize water usage by irrigating fields only when necessary.,https://github.com/uniguide/smart-irrigation
Commerce,E-Commerce Sales Predictor,Advanced,Using historical data to predict peak sales seasons.,16,"React, Node.js",A time-series forecasting model that helps online retailers predict sales volume for different seasons to optimize inventory and marketing.,https://github.com/uniguide/ecommerce-sales-predictor
Management,Employee Performance Tracker,Beginner,A portal for HR to log KPIs and performance reviews.,12,"Arduino, C++","A human resources tool that logs key performance indicators (KPIs), tracks project milestones, and generates performance reports for employees.",https://github.com/uniguide/performance-tracker
Agriculture,E-Marketplace for Farmers,Intermediate,A direct-to-consumer platform to sell fresh produce.,8,"React, Node.js","A direct-to-consumer digital marketplace that eliminates middlemen, allowing farmers to sell their produce directly to retail customers for better profits.",https://github.com/uniguide/farmer-marketplace
Design,Personal Branding Portfolio,Beginner,A high-end responsive website to showcase creative work.,16,"Arduino, C++","A professionally designed web portfolio to showcase a designer's creative work, including case studies, skill visualizations, and contact information.",https://github.com/uniguide/design-portfolio
Commerce,GST Billing Software,Intermediate,A simple tool to generate tax-compliant invoices for small businesses.,4,"Machine Learning, Flask",A cloud-based billing application designed for small businesses to generate GST-compliant invoices and track tax liabilities automatically.,https://github.com/uniguide/gst-billing
Management,Agile Project Management Tool,Intermediate,A Kanban-style task manager for software development teams.,16,"Python, SQL","A collaboration platform for software teams featuring Kanban boards, sprint planning, and progress tracking using burndown charts.",https://github.com/uniguide/agile-pm-tool
Agriculture,E-Marketplace for Farmers,Intermediate,A direct-to-consumer platform to sell fresh produce.,8,"Arduino, C++","A direct-to-consumer digital marketplace that eliminates middlemen, allowing farmers to sell their produce directly to retail customers for better profits.",https://github.com/uniguide/farmer-marketplace
Media,Automated Subtitle Generator,Advanced,A tool that transcribes video audio into text in real-time.,16,"Python, SQL",A tool that uses speech-to-text technology to generate highly accurate captions and subtitles for video content in multiple languages.,https://github.com/uniguide/subtitle-generator
Medical,Telemedicine Appointment Portal,Intermediate,A platform connecting patients with doctors for video consultations.,4,"Machine Learning, Flask","A healthcare platform that enables patients to book appointments, consult with doctors via secure video calls, and access digital prescriptions.",https://github.com/uniguide/telemedicine-portal
Management,Market Sentiment Analysis,Advanced,Using social media data to gauge public opinion on a brand.,16,"Arduino, C++",A data analytics tool that scrapes social media and news data to determine the public's emotional response toward specific brands or products.,https://github.com/uniguide/market-sentiment
Commerce,Supply Chain Tracking System,Intermediate,A log-based system to track products from manufacturer to retailer.,16,"Python, SQL",A logistics platform that uses barcode/RFID data to provide end-to-end visibility of products as they move from manufacturers to retail shelves.,https://github.com/uniguide/supply-chain-tracker
Commerce,Supply Chain Tracking System,Intermediate,A log-based system to track products from manufacturer to retailer.,4,"Python, SQL",A logistics platform that uses barcode/RFID data to provide end-to-end visibility of products as they move from manufacturers to retail shelves.,https://github.com/uniguide/supply-chain-tracker
Management,Market Sentiment Analysis,Advanced,Using social media data to gauge public opinion on a brand.,12,"React, Node.js",A data analytics tool that scrapes social media and news data to determine the public's emotional response toward specific brands or products.,https://github.com/uniguide/market-sentiment
Civil Engineering,Smart Traffic Management System,Advanced,Using sensors/AI to optimize traffic light timings and reduce congestion.,4,"Arduino, C++",An AI-driven traffic control system that uses real-time camera feeds to adjust signal timings and reduce urban traffic congestion.,https://github.com/uniguide/smart-traffic
Education,Gamified Learning Platform,Intermediate,A website that teaches math or science through mini-games.,12,"React, Node.js","A web-based platform that uses game mechanics like points, badges, and leaderboards to teach academic subjects in a more engaging way.",https://github.com/uniguide/gamified-learning
Banking,Stock Portfolio Simulator,Intermediate,A virtual trading platform to practice investing with real-time data.,8,"Arduino, C++",A virtual investment platform that uses real-market data to allow users to practice trading and managing a diversified stock portfolio without financial risk.,https://github.com/uniguide/stock-simulator
Banking,Fraud Detection in Credit Cards,Advanced,A machine learning model to flag unusual transaction patterns.,16,"Machine Learning, Flask",A machine learning project that analyzes transaction patterns to detect and flag fraudulent activities in real-time to protect cardholders.,https://github.com/uniguide/fraud-detection
UPSC,State-wise Resource Map,Intermediate,"An interactive map showing crops, minerals, and industries by state.",16,"Arduino, C++","An interactive geographical map showing the distribution of natural resources, key industries, and agricultural output across all Indian states.",https://github.com/uniguide/resource-map
Pharmacy,Herbal Medicine Knowledge Base,Beginner,An informative portal about various medicinal plants and uses.,4,"React, Node.js","An educational resource providing detailed information on medicinal plants, their active compounds, benefits, and traditional uses.",https://github.com/uniguide/herbal-medicine-db
Agriculture,Hydroponic Monitoring System,Advanced,Automated nutrient and pH balancing for soil-less farming.,12,"Arduino, C++","An automated system for indoor farming that monitors and adjusts water temperature, pH levels, and nutrient concentrations for optimal plant growth.",https://github.com/uniguide/hydroponic-system
UPSC,Public Policy Impact Tracker,Intermediate,A data visualization tool for government scheme results.,4,"Machine Learning, Flask",A data visualization dashboard that tracks the progress and socio-economic impact of various government schemes across different Indian states.,https://github.com/uniguide/policy-tracker
Robotics,Gesture-Controlled Robotic Arm,Advanced,An arm that mimics human hand movements using sensors.,8,"Machine Learning, Flask",A sophisticated robotic project where an arm mimics the hand movements of a human operator wearing specialized sensor-equipped gloves.,https://github.com/uniguide/gesture-robot-arm
Pharmacy,Online Pharmacy Management,Intermediate,An e-commerce platform specifically for prescription and OTC drugs.,16,"Python, SQL","A full-featured e-commerce platform for pharmacies, allowing customers to upload prescriptions and order medications for home delivery.",https://github.com/uniguide/online-pharmacy
Robotics,Gesture-Controlled Robotic Arm,Advanced,An arm that mimics human hand movements using sensors.,8,"Machine Learning, Flask",A sophisticated robotic project where an arm mimics the hand movements of a human operator wearing specialized sensor-equipped gloves.,https://github.com/uniguide/gesture-robot-arm
Commerce,Personal Tax Planner,Beginner,A calculator to help individuals optimize their tax savings.,4,"Machine Learning, Flask","A financial tool that helps users calculate their income tax, explore various tax-saving investments, and plan their annual finances more effectively.",https://github.com/uniguide/tax-planner
Commerce,E-Commerce Sales Predictor,Advanced,Using historical data to predict peak sales seasons.,4,"React, Node.js",A time-series forecasting model that helps online retailers predict sales volume for different seasons to optimize inventory and marketing.,https://github.com/uniguide/ecommerce-sales-predictor
Information Technology,Virtual Private Network (VPN) Tool,Advanced,A custom VPN implementation for secure data tunneling.,4,"Machine Learning, Flask",A custom VPN client and server implementation that encrypts internet traffic and masks user IP addresses to ensure online privacy and security.,https://github.com/uniguide/vpn-tool
Education,Student Attendance via Face Recognition,Advanced,Using a camera to log student presence automatically.,12,"Arduino, C++",A smart classroom solution that uses facial recognition technology to automatically log student attendance and generate daily reports.,https://github.com/uniguide/face-attendance
Education,Gamified Learning Platform,Intermediate,A website that teaches math or science through mini-games.,8,"Arduino, C++","A web-based platform that uses game mechanics like points, badges, and leaderboards to teach academic subjects in a more engaging way.",https://github.com/uniguide/gamified-learning
Media,Digital Magazine for Students,Beginner,A CMS-based site for student journalism and articles.,8,"React, Node.js","A collaborative online publishing platform for student journalists to write, edit, and publish articles on campus news and global topics.",https://github.com/uniguide/student-magazine
Medical,AI Skin Cancer Detection,Advanced,Using image processing to identify potential skin irregularities.,12,"Arduino, C++",A medical diagnostic tool that utilizes deep learning and image processing to analyze skin lesions and provide preliminary assessments of potential skin cancer.,https://github.com/uniguide/skin-cancer-detection
Environmental Science,Air Quality Monitoring Station,Intermediate,Using sensors to measure and display local AQI levels.,16,"Machine Learning, Flask","An IoT hardware project that measures local air pollutants (PM2.5, CO2) and displays the Air Quality Index (AQI) on a public web dashboard.",https://github.com/uniguide/aqi-monitor
Hotel Management,Guest Feedback Analytics,Intermediate,A tool to analyze reviews and suggest service improvements.,4,"Machine Learning, Flask",A sentiment analysis tool that aggregates reviews from multiple platforms to help hotel management identify and address service issues.,https://github.com/uniguide/hotel-feedback-analytics
Design,Personal Branding Portfolio,Beginner,A high-end responsive website to showcase creative work.,12,"Python, SQL","A professionally designed web portfolio to showcase a designer's creative work, including case studies, skill visualizations, and contact information.",https://github.com/uniguide/design-portfolio
Banking,Stock Portfolio Simulator,Intermediate,A virtual trading platform to practice investing with real-time data.,16,"Machine Learning, Flask",A virtual investment platform that uses real-market data to allow users to practice trading and managing a diversified stock portfolio without financial risk.,https://github.com/uniguide/stock-simulator
Information Technology,Automated IT Ticketing System,Intermediate,A portal for employees to raise and track technical support issues.,12,"Arduino, C++","An enterprise-level portal for managing IT support requests, featuring automated ticket routing, priority levels, and detailed resolution tracking.",https://github.com/uniguide/it-ticketing
Management,Agile Project Management Tool,Intermediate,A Kanban-style task manager for software development teams.,12,"Machine Learning, Flask","A collaboration platform for software teams featuring Kanban boards, sprint planning, and progress tracking using burndown charts.",https://github.com/uniguide/agile-pm-tool
Media,Digital Magazine for Students,Beginner,A CMS-based site for student journalism and articles.,12,"Machine Learning, Flask","A collaborative online publishing platform for student journalists to write, edit, and publish articles on campus news and global topics.",https://github.com/uniguide/student-magazine
Information Technology,Virtual Private Network (VPN) Tool,Advanced,A custom VPN implementation for secure data tunneling.,12,"Arduino, C++",A custom VPN client and server implementation that encrypts internet traffic and masks user IP addresses to ensure online privacy and security.,https://github.com/uniguide/vpn-tool
Banking,Fraud Detection in Credit Cards,Advanced,A machine learning model to flag unusual transaction patterns.,8,"React, Node.js",A machine learning project that analyzes transaction patterns to detect and flag fraudulent activities in real-time to protect cardholders.,https://github.com/uniguide/fraud-detection
Information Technology,Automated IT Ticketing System,Intermediate,A portal for employees to raise and track technical support issues.,8,"Python, SQL","An enterprise-level portal for managing IT support requests, featuring automated ticket routing, priority levels, and detailed resolution tracking.",https://github.com/uniguide/it-ticketing
Robotics,Line Follower Robot,Beginner,A robot that follows a black line on a white surface.,16,"Machine Learning, Flask","A fundamental robotics project that uses IR sensors to follow a pre-defined path, commonly used as a starting point for learning autonomous navigation.",https://github.com/uniguide/line-follower
Information Technology,Network Intrusion Detection System,Advanced,A tool to monitor network traffic and flag suspicious activities.,4,"React, Node.js",A sophisticated security tool that monitors network traffic in real-time to detect and alert administrators of potential cyber-attacks and unauthorized access attempts.,https://github.com/uniguide/nids-security
UPSC,Public Policy Impact Tracker,Intermediate,A data visualization tool for government scheme results.,12,"Machine Learning, Flask",A data visualization dashboard that tracks the progress and socio-economic impact of various government schemes across different Indian states.,https://github.com/uniguide/policy-tracker
Law,Online Dispute Resolution Portal,Intermediate,A platform for mediation and settlement between parties.,12,"Machine Learning, Flask",A digital platform that facilitates mediation and negotiation between conflicting parties to reach legal settlements outside of traditional courtrooms.,https://github.com/uniguide/dispute-resolution
Banking,Digital Wallet Application,Intermediate,A secure mobile payment system using QR codes.,12,"Machine Learning, Flask","A secure mobile payment app that supports peer-to-peer transfers, bill payments, and QR code-based merchant transactions.",https://github.com/uniguide/digital-wallet
Law,Cyber Law Awareness Bot,Beginner,A chatbot that answers basic questions about internet laws.,12,"React, Node.js","A conversational AI designed to educate users about digital rights, privacy laws, and the legal consequences of various cyber activities.",https://github.com/uniguide/cyber-law-bot
Computer Science,Personal Budget Tracker,Beginner,A simple web app to track daily expenses and visualize savings.,4,"Python, SQL","A user-friendly web application designed to help individuals track their income and expenses, set savings goals, and visualize their spending habits through interactive charts.",https://github.com/uniguide/budget-tracker
Hotel Management,Virtual Tour for Resort,Advanced,A VR-based walk-through of hotel rooms and facilities.,16,"Machine Learning, Flask",A VR/360-degree interactive tour that allows potential guests to explore resort facilities and room options from their web browser.,https://github.com/uniguide/hotel-virtual-tour
Media,Automated Subtitle Generator,Advanced,A tool that transcribes video audio into text in real-time.,4,"Arduino, C++",A tool that uses speech-to-text technology to generate highly accurate captions and subtitles for video content in multiple languages.,https://github.com/uniguide/subtitle-generator
UPSC,State-wise Resource Map,Intermediate,"An interactive map showing crops, minerals, and industries by state.",8,"Arduino, C++","An interactive geographical map showing the distribution of natural resources, key industries, and agricultural output across all Indian states.",https://github.com/uniguide/resource-map
Civil Engineering,Rainwater Harvesting Model,Beginner,A blueprint and calculation tool for sustainable water storage.,4,"Python, SQL",A blueprint and calculator for designing efficient rainwater collection systems for residential and commercial buildings to promote water conservation.,https://github.com/uniguide/rainwater-harvesting
Hotel Management,Hotel Sustainability Audit,Beginner,A checklist and report generator for eco-friendly hotel practices.,16,"Python, SQL","A tool for hotel managers to assess their property's environmental impact across energy, water, and waste, providing suggestions for greener operations.",https://github.com/uniguide/hotel-sustainability
Environmental Science,Air Quality Monitoring Station,Intermediate,Using sensors to measure and display local AQI levels.,8,"React, Node.js","An IoT hardware project that measures local air pollutants (PM2.5, CO2) and displays the Air Quality Index (AQI) on a public web dashboard.",https://github.com/uniguide/aqi-monitor
Information Technology,Network Intrusion Detection System,Advanced,A tool to monitor network traffic and flag suspicious activities.,16,"React, Node.js",A sophisticated security tool that monitors network traffic in real-time to detect and alert administrators of potential cyber-attacks and unauthorized access attempts.,https://github.com/uniguide/nids-security
Medical,AI Skin Cancer Detection,Advanced,Using image processing to identify potential skin irregularities.,4,"Python, SQL",A medical diagnostic tool that utilizes deep learning and image processing to analyze skin lesions and provide preliminary assessments of potential skin cancer.,https://github.com/uniguide/skin-cancer-detection
Banking,Loan Eligibility Calculator,Beginner,A tool that predicts loan approval based on credit score and income.,16,"Machine Learning, Flask","A predictive tool for banking customers to estimate their chances of loan approval based on their credit score, income, and other financial parameters.",https://github.com/uniguide/loan-eligibility
Medical,Fitness and Nutrition Tracker,Beginner,An app that calculates BMI and suggests diet plans.,8,"React, Node.js","An integrated mobile app for logging daily workouts, tracking calorie intake, and providing personalized health tips based on user goals.",https://github.com/uniguide/fitness-nutrition
Management,Market Sentiment Analysis,Advanced,Using social media data to gauge public opinion on a brand.,16,"Arduino, C++",A data analytics tool that scrapes social media and news data to determine the public's emotional response toward specific brands or products.,https://github.com/uniguide/market-sentiment
Management,Agile Project Management Tool,Intermediate,A Kanban-style task manager for software development teams.,16,"React, Node.js","A collaboration platform for software teams featuring Kanban boards, sprint planning, and progress tracking using burndown charts.",https://github.com/uniguide/agile-pm-tool
Banking,Loan Eligibility Calculator,Beginner,A tool that predicts loan approval based on credit score and income.,16,"Python, SQL","A predictive tool for banking customers to estimate their chances of loan approval based on their credit score, income, and other financial parameters.",https://github.com/uniguide/loan-eligibility
Information Technology,Automated IT Ticketing System,Intermediate,A portal for employees to raise and track technical support issues.,12,"Machine Learning, Flask","An enterprise-level portal for managing IT support requests, featuring automated ticket routing, priority levels, and detailed resolution tracking.",https://github.com/uniguide/it-ticketing
Information Technology,Automated IT Ticketing System,Intermediate,A portal for employees to raise and track technical support issues.,16,"Python, SQL","An enterprise-level portal for managing IT support requests, featuring automated ticket routing, priority levels, and detailed resolution tracking.",https://github.com/uniguide/it-ticketing
Environmental Science,Renewable Energy Suitability Map,Advanced,Using geographic data to find the best spots for solar/wind farms.,12,"Arduino, C++",A GIS-based tool that analyzes land topography and weather patterns to identify the most suitable locations for installing solar or wind energy farms.,https://github.com/uniguide/renewable-energy-map
Hotel Management,Virtual Tour for Resort,Advanced,A VR-based walk-through of hotel rooms and facilities.,4,"React, Node.js",A VR/360-degree interactive tour that allows potential guests to explore resort facilities and room options from their web browser.,https://github.com/uniguide/hotel-virtual-tour
Law,AI Legal Document Summarizer,Advanced,A tool that condenses long legal papers into key points.,4,"Python, SQL","An NLP-based application that processes long, complex legal documents and extracts the most critical points, saving time for legal professionals.",https://github.com/uniguide/legal-summarizer
Environmental Science,Air Quality Monitoring Station,Intermediate,Using sensors to measure and display local AQI levels.,8,"React, Node.js","An IoT hardware project that measures local air pollutants (PM2.5, CO2) and displays the Air Quality Index (AQI) on a public web dashboard.",https://github.com/uniguide/aqi-monitor
Information Technology,Virtual Private Network (VPN) Tool,Advanced,A custom VPN implementation for secure data tunneling.,4,"Arduino, C++",A custom VPN client and server implementation that encrypts internet traffic and masks user IP addresses to ensure online privacy and security.,https://github.com/uniguide/vpn-tool
Banking,Loan Eligibility Calculator,Beginner,A tool that predicts loan approval based on credit score and income.,8,"React, Node.js","A predictive tool for banking customers to estimate their chances of loan approval based on their credit score, income, and other financial parameters.",https://github.com/uniguide/loan-eligibility
Pharmacy,Drug Interaction Checker,Advanced,A database-driven tool to check if two medications react poorly.,8,"Machine Learning, Flask",A clinical tool that cross-references a database of medications to identify and warn users about potentially dangerous interactions between different drugs.,https://github.com/uniguide/drug-interaction-checker
Agriculture,E-Marketplace for Farmers,Intermediate,A direct-to-consumer platform to sell fresh produce.,12,"Arduino, C++","A direct-to-consumer digital marketplace that eliminates middlemen, allowing farmers to sell their produce directly to retail customers for better profits.",https://github.com/uniguide/farmer-marketplace
Media,Automated Subtitle Generator,Advanced,A tool that transcribes video audio into text in real-time.,16,"Python, SQL",A tool that uses speech-to-text technology to generate highly accurate captions and subtitles for video content in multiple languages.,https://github.com/uniguide/subtitle-generator
Education,Adaptive Learning System,Advanced,A platform that changes difficulty based on student performance.,4,"Arduino, C++",An intelligent educational platform that monitors a student's performance and automatically adjusts the difficulty level of the content to match their pace.,https://github.com/uniguide/adaptive-learning
Management,Agile Project Management Tool,Intermediate,A Kanban-style task manager for software development teams.,8,"Arduino, C++","A collaboration platform for software teams featuring Kanban boards, sprint planning, and progress tracking using burndown charts.",https://github.com/uniguide/agile-pm-tool
Information Technology,Network Intrusion Detection System,Advanced,A tool to monitor network traffic and flag suspicious activities.,8,"React, Node.js",A sophisticated security tool that monitors network traffic in real-time to detect and alert administrators of potential cyber-attacks and unauthorized access attempts.,https://github.com/uniguide/nids-security
Environmental Science,Plastic Waste Tracking App,Intermediate,A community app to log and locate recycling centers.,4,"React, Node.js","A community-based app to track plastic waste generation, locate nearby recycling points, and earn rewards for sustainable disposal.",https://github.com/uniguide/plastic-tracker
UPSC,Public Policy Impact Tracker,Intermediate,A data visualization tool for government scheme results.,4,"Machine Learning, Flask",A data visualization dashboard that tracks the progress and socio-economic impact of various government schemes across different Indian states.,https://github.com/uniguide/policy-tracker
Information Technology,Virtual Private Network (VPN) Tool,Advanced,A custom VPN implementation for secure data tunneling.,4,"React, Node.js",A custom VPN client and server implementation that encrypts internet traffic and masks user IP addresses to ensure online privacy and security.,https://github.com/uniguide/vpn-tool
Hotel Management,Hotel Sustainability Audit,Beginner,A checklist and report generator for eco-friendly hotel practices.,8,"Python, SQL","A tool for hotel managers to assess their property's environmental impact across energy, water, and waste, providing suggestions for greener operations.",https://github.com/uniguide/hotel-sustainability
Pharmacy,Online Pharmacy Management,Intermediate,An e-commerce platform specifically for prescription and OTC drugs.,8,"Python, SQL","A full-featured e-commerce platform for pharmacies, allowing customers to upload prescriptions and order medications for home delivery.",https://github.com/uniguide/online-pharmacy
Management,Market Sentiment Analysis,Advanced,Using social media data to gauge public opinion on a brand.,12,"React, Node.js",A data analytics tool that scrapes social media and news data to determine the public's emotional response toward specific brands or products.,https://github.com/uniguide/market-sentiment
Environmental Science,Air Quality Monitoring Station,Intermediate,Using sensors to measure and display local AQI levels.,8,"Arduino, C++","An IoT hardware project that measures local air pollutants (PM2.5, CO2) and displays the Air Quality Index (AQI) on a public web dashboard.",https://github.com/uniguide/aqi-monitor
Education,Adaptive Learning System,Advanced,A platform that changes difficulty based on student performance.,16,"Machine Learning, Flask",An intelligent educational platform that monitors a student's performance and automatically adjusts the difficulty level of the content to match their pace.,https://github.com/uniguide/adaptive-learning
Robotics,Autonomous Delivery Drone,Advanced,A drone programmed to deliver small packages to GPS coordinates.,12,"Machine Learning, Flask",A high-end drone project capable of navigating to specific GPS coordinates to deliver small packages without manual pilot intervention.,https://github.com/uniguide/delivery-drone
Commerce,GST Billing Software,Intermediate,A simple tool to generate tax-compliant invoices for small businesses.,12,"Python, SQL",A cloud-based billing application designed for small businesses to generate GST-compliant invoices and track tax liabilities automatically.,https://github.com/uniguide/gst-billing
Medical,Telemedicine Appointment Portal,Intermediate,A platform connecting patients with doctors for video consultations.,12,"Machine Learning, Flask","A healthcare platform that enables patients to book appointments, consult with doctors via secure video calls, and access digital prescriptions.",https://github.com/uniguide/telemedicine-portal
UPSC,Public Policy Impact Tracker,Intermediate,A data visualization tool for government scheme results.,12,"Arduino, C++",A data visualization dashboard that tracks the progress and socio-economic impact of various government schemes across different Indian states.,https://github.com/uniguide/policy-tracker
Management,Employee Performance Tracker,Beginner,A portal for HR to log KPIs and performance reviews.,4,"Python, SQL","A human resources tool that logs key performance indicators (KPIs), tracks project milestones, and generates performance reports for employees.",https://github.com/uniguide/performance-tracker
Agriculture,E-Marketplace for Farmers,Intermediate,A direct-to-consumer platform to sell fresh produce.,12,"Machine Learning, Flask","A direct-to-consumer digital marketplace that eliminates middlemen, allowing farmers to sell their produce directly to retail customers for better profits.",https://github.com/uniguide/farmer-marketplace
Medical,Hospital Patient Record Management,Beginner,A database system to securely store and retrieve patient history.,16,"Python, SQL","A secure electronic health record (EHR) system for hospitals to maintain patient history, lab results, and medication records in a centralized database.",https://github.com/uniguide/hospital-records
Civil Engineering,Smart Traffic Management System,Advanced,Using sensors/AI to optimize traffic light timings and reduce congestion.,16,"React, Node.js",An AI-driven traffic control system that uses real-time camera feeds to adjust signal timings and reduce urban traffic congestion.,https://github.com/uniguide/smart-traffic
Information Technology,Automated IT Ticketing System,Intermediate,A portal for employees to raise and track technical support issues.,8,"Python, SQL","An enterprise-level portal for managing IT support requests, featuring automated ticket routing, priority levels, and detailed resolution tracking.",https://github.com/uniguide/it-ticketing
Law,Cyber Law Awareness Bot,Beginner,A chatbot that answers basic questions about internet laws.,4,"Arduino, C++","A conversational AI designed to educate users about digital rights, privacy laws, and the legal consequences of various cyber activities.",https://github.com/uniguide/cyber-law-bot
Civil Engineering,Bridge Load Analysis Tool,Intermediate,A simulation tool to test bridge durability under various weights.,16,"React, Node.js",An engineering simulation software that evaluates the structural integrity of bridges under varying load conditions to ensure safety and durability.,https://github.com/uniguide/bridge-analysis
Design,AR Furniture Placer,Advanced,An app that lets users see how furniture looks in their room via AR.,4,"Machine Learning, Flask",An augmented reality application that lets users visualize how furniture items would look and fit in their actual living space using a smartphone camera.,https://github.com/uniguide/ar-furniture
Hotel Management,Hotel Sustainability Audit,Beginner,A checklist and report generator for eco-friendly hotel practices.,16,"React, Node.js","A tool for hotel managers to assess their property's environmental impact across energy, water, and waste, providing suggestions for greener operations.",https://github.com/uniguide/hotel-sustainability
Civil Engineering,Smart Traffic Management System,Advanced,Using sensors/AI to optimize traffic light timings and reduce congestion.,16,"Python, SQL",An AI-driven traffic control system that uses real-time camera feeds to adjust signal timings and reduce urban traffic congestion.,https://github.com/uniguide/smart-traffic
Environmental Science,Carbon Footprint Calculator,Beginner,A web tool for users to estimate their annual CO2 emissions.,8,"Python, SQL",A web application that allows users to calculate their environmental impact based on their lifestyle choices and provides tips for reduction.,https://github.com/uniguide/carbon-calc
Computer Science,Blockchain E-Voting System,Advanced,"A secure, decentralized voting platform to prevent tampering.",8,"Machine Learning, Flask","A decentralized voting platform that leverages blockchain technology to ensure transparency, security, and immutability of votes, preventing any form of electoral fraud.",https://github.com/uniguide/blockchain-evoting
Design,AR Furniture Placer,Advanced,An app that lets users see how furniture looks in their room via AR.,12,"Python, SQL",An augmented reality application that lets users visualize how furniture items would look and fit in their actual living space using a smartphone camera.,https://github.com/uniguide/ar-furniture
Media,Fake News Detection Tool,Advanced,An AI-based browser extension to flag misleading headlines.,4,"Python, SQL",A browser extension that uses machine learning to analyze news articles and flag content that shows high probability of being misleading or fake.,https://github.com/uniguide/fake-news-detector
Environmental Science,Renewable Energy Suitability Map,Advanced,Using geographic data to find the best spots for solar/wind farms.,8,"Arduino, C++",A GIS-based tool that analyzes land topography and weather patterns to identify the most suitable locations for installing solar or wind energy farms.,https://github.com/uniguide/renewable-energy-map
Hotel Management,Guest Feedback Analytics,Intermediate,A tool to analyze reviews and suggest service improvements.,4,"Machine Learning, Flask",A sentiment analysis tool that aggregates reviews from multiple platforms to help hotel management identify and address service issues.,https://github.com/uniguide/hotel-feedback-analytics
Information Technology,Cloud-Based File Storage System,Intermediate,A private cloud storage service similar to Dropbox using AWS/Azure.,12,"Machine Learning, Flask","A scalable cloud storage service that allows users to upload, manage, and share files securely from any device, featuring end-to-end encryption.",https://github.com/uniguide/cloud-storage
Media,Podcast Hosting Platform,Intermediate,"A portal to upload, manage, and stream audio content.",4,"Arduino, C++","A comprehensive service for creators to upload, host, and distribute podcast episodes to major streaming platforms with built-in listener analytics.",https://github.com/uniguide/podcast-hosting
Agriculture,Crop Disease Identification App,Advanced,Using leaf images to detect pests or diseases in crops.,4,"Machine Learning, Flask",An AI-powered mobile application that allows farmers to take photos of crops and receive instant diagnosis and treatment recommendations for diseases.,https://github.com/uniguide/crop-disease-id
Agriculture,IoT-Based Smart Irrigation System,Intermediate,A system that waters crops based on soil moisture sensor data.,8,"Arduino, C++",An automated farming solution that uses soil moisture and weather sensors to optimize water usage by irrigating fields only when necessary.,https://github.com/uniguide/smart-irrigation
Civil Engineering,Rainwater Harvesting Model,Beginner,A blueprint and calculation tool for sustainable water storage.,8,"Arduino, C++",A blueprint and calculator for designing efficient rainwater collection systems for residential and commercial buildings to promote water conservation.,https://github.com/uniguide/rainwater-harvesting
Commerce,Personal Tax Planner,Beginner,A calculator to help individuals optimize their tax savings.,8,"React, Node.js","A financial tool that helps users calculate their income tax, explore various tax-saving investments, and plan their annual finances more effectively.",https://github.com/uniguide/tax-planner
Banking,Fraud Detection in Credit Cards,Advanced,A machine learning model to flag unusual transaction patterns.,8,"React, Node.js",A machine learning project that analyzes transaction patterns to detect and flag fraudulent activities in real-time to protect cardholders.,https://github.com/uniguide/fraud-detection
Hotel Management,Hotel Sustainability Audit,Beginner,A checklist and report generator for eco-friendly hotel practices.,4,"React, Node.js","A tool for hotel managers to assess their property's environmental impact across energy, water, and waste, providing suggestions for greener operations.",https://github.com/uniguide/hotel-sustainability
Hotel Management,Hotel Sustainability Audit,Beginner,A checklist and report generator for eco-friendly hotel practices.,8,"React, Node.js","A tool for hotel managers to assess their property's environmental impact across energy, water, and waste, providing suggestions for greener operations.",https://github.com/uniguide/hotel-sustainability
Law,AI Legal Document Summarizer,Advanced,A tool that condenses long legal papers into key points.,4,"Arduino, C++","An NLP-based application that processes long, complex legal documents and extracts the most critical points, saving time for legal professionals.",https://github.com/uniguide/legal-summarizer
Education,Adaptive Learning System,Advanced,A platform that changes difficulty based on student performance.,12,"Arduino, C++",An intelligent educational platform that monitors a student's performance and automatically adjusts the difficulty level of the content to match their pace.,https://github.com/uniguide/adaptive-learning
Environmental Science,Renewable Energy Suitability Map,Advanced,Using geographic data to find the best spots for solar/wind farms.,8,"Python, SQL",A GIS-based tool that analyzes land topography and weather patterns to identify the most suitable locations for installing solar or wind energy farms.,https://github.com/uniguide/renewable-energy-map
UPSC,State-wise Resource Map,Intermediate,"An interactive map showing crops, minerals, and industries by state.",4,"Machine Learning, Flask","An interactive geographical map showing the distribution of natural resources, key industries, and agricultural output across all Indian states.",https://github.com/uniguide/resource-map
Civil Engineering,Low-Cost Housing Design,Intermediate,A 3D model project focusing on sustainable and affordable materials.,8,"Machine Learning, Flask",An architecture project focused on using sustainable and affordable materials to design high-quality housing for low-income populations.,https://github.com/uniguide/low-cost-housing
Information Technology,Network Intrusion Detection System,Advanced,A tool to monitor network traffic and flag suspicious activities.,12,"React, Node.js",A sophisticated security tool that monitors network traffic in real-time to detect and alert administrators of potential cyber-attacks and unauthorized access attempts.,https://github.com/uniguide/nids-security
Banking,Loan Eligibility Calculator,Beginner,A tool that predicts loan approval based on credit score and income.,4,"React, Node.js","A predictive tool for banking customers to estimate their chances of loan approval based on their credit score, income, and other financial parameters.",https://github.com/uniguide/loan-eligibility
Education,Adaptive Learning System,Advanced,A platform that changes difficulty based on student performance.,8,"Machine Learning, Flask",An intelligent educational platform that monitors a student's performance and automatically adjusts the difficulty level of the content to match their pace.,https://github.com/uniguide/adaptive-learning
Civil Engineering,Smart Traffic Management System,Advanced,Using sensors/AI to optimize traffic light timings and reduce congestion.,16,"Python, SQL",An AI-driven traffic control system that uses real-time camera feeds to adjust signal timings and reduce urban traffic congestion.,https://github.com/uniguide/smart-traffic
Hotel Management,Hotel Sustainability Audit,Beginner,A checklist and report generator for eco-friendly hotel practices.,12,"React, Node.js","A tool for hotel managers to assess their property's environmental impact across energy, water, and waste, providing suggestions for greener operations.",https://github.com/uniguide/hotel-sustainability
Education,Student Attendance via Face Recognition,Advanced,Using a camera to log student presence automatically.,8,"Python, SQL",A smart classroom solution that uses facial recognition technology to automatically log student attendance and generate daily reports.,https://github.com/uniguide/face-attendance
Banking,Stock Portfolio Simulator,Intermediate,A virtual trading platform to practice investing with real-time data.,12,"React, Node.js",A virtual investment platform that uses real-market data to allow users to practice trading and managing a diversified stock portfolio without financial risk.,https://github.com/uniguide/stock-simulator
UPSC,State-wise Resource Map,Intermediate,"An interactive map showing crops, minerals, and industries by state.",8,"Arduino, C++","An interactive geographical map showing the distribution of natural resources, key industries, and agricultural output across all Indian states.",https://github.com/uniguide/resource-map
Pharmacy,Online Pharmacy Management,Intermediate,An e-commerce platform specifically for prescription and OTC drugs.,16,"Arduino, C++","A full-featured e-commerce platform for pharmacies, allowing customers to upload prescriptions and order medications for home delivery.",https://github.com/uniguide/online-pharmacy
Commerce,Personal Tax Planner,Beginner,A calculator to help individuals optimize their tax savings.,12,"Python, SQL","A financial tool that helps users calculate their income tax, explore various tax-saving investments, and plan their annual finances more effectively.",https://github.com/uniguide/tax-planner
Commerce,GST Billing Software,Intermediate,A simple tool to generate tax-compliant invoices for small businesses.,8,"Arduino, C++",A cloud-based billing application designed for small businesses to generate GST-compliant invoices and track tax liabilities automatically.,https://github.com/uniguide/gst-billing
Medical,Fitness and Nutrition Tracker,Beginner,An app that calculates BMI and suggests diet plans.,16,"Arduino, C++","An integrated mobile app for logging daily workouts, tracking calorie intake, and providing personalized health tips based on user goals.",https://github.com/uniguide/fitness-nutrition
UPSC,State-wise Resource Map,Intermediate,"An interactive map showing crops, minerals, and industries by state.",8,"React, Node.js","An interactive geographical map showing the distribution of natural resources, key industries, and agricultural output across all Indian states.",https://github.com/uniguide/resource-map
Education,School Management System,Beginner,"A portal for fees, exams, and student records.",12,"Machine Learning, Flask","A centralized portal for schools to manage student enrollments, fee collections, exam scheduling, and communication with parents.",https://github.com/uniguide/school-mgmt
Medical,Telemedicine Appointment Portal,Intermediate,A platform connecting patients with doctors for video consultations.,16,"Machine Learning, Flask","A healthcare platform that enables patients to book appointments, consult with doctors via secure video calls, and access digital prescriptions.",https://github.com/uniguide/telemedicine-portal
Banking,Digital Wallet Application,Intermediate,A secure mobile payment system using QR codes.,12,"Python, SQL","A secure mobile payment app that supports peer-to-peer transfers, bill payments, and QR code-based merchant transactions.",https://github.com/uniguide/digital-wallet
Hotel Management,Hotel Sustainability Audit,Beginner,A checklist and report generator for eco-friendly hotel practices.,16,"Machine Learning, Flask","A tool for hotel managers to assess their property's environmental impact across energy, water, and waste, providing suggestions for greener operations.",https://github.com/uniguide/hotel-sustainability
Environmental Science,Air Quality Monitoring Station,Intermediate,Using sensors to measure and display local AQI levels.,16,"Python, SQL","An IoT hardware project that measures local air pollutants (PM2.5, CO2) and displays the Air Quality Index (AQI) on a public web dashboard.",https://github.com/uniguide/aqi-monitor
Media,Automated Subtitle Generator,Advanced,A tool that transcribes video audio into text in real-time.,16,"Arduino, C++",A tool that uses speech-to-text technology to generate highly accurate captions and subtitles for video content in multiple languages.,https://github.com/uniguide/subtitle-generator
Environmental Science,Carbon Footprint Calculator,Beginner,A web tool for users to estimate their annual CO2 emissions.,12,"Arduino, C++",A web application that allows users to calculate their environmental impact based on their lifestyle choices and provides tips for reduction.,https://github.com/uniguide/carbon-calc
Law,Online Dispute Resolution Portal,Intermediate,A platform for mediation and settlement between parties.,4,"React, Node.js",A digital platform that facilitates mediation and negotiation between conflicting parties to reach legal settlements outside of traditional courtrooms.,https://github.com/uniguide/dispute-resolution
Pharmacy,Online Pharmacy Management,Intermediate,An e-commerce platform specifically for prescription and OTC drugs.,4,"Machine Learning, Flask","A full-featured e-commerce platform for pharmacies, allowing customers to upload prescriptions and order medications for home delivery.",https://github.com/uniguide/online-pharmacy
Pharmacy,Medicine Expiry Alert System,Intermediate,A tracker that notifies pharmacists when stock is near expiration.,12,"React, Node.js",An inventory management solution for pharmacies that sends automated alerts when medications are approaching their expiration dates to prevent waste.,https://github.com/uniguide/medicine-expiry-alert
Commerce,Personal Tax Planner,Beginner,A calculator to help individuals optimize their tax savings.,12,"Arduino, C++","A financial tool that helps users calculate their income tax, explore various tax-saving investments, and plan their annual finances more effectively.",https://github.com/uniguide/tax-planner
Environmental Science,Carbon Footprint Calculator,Beginner,A web tool for users to estimate their annual CO2 emissions.,16,"Arduino, C++",A web application that allows users to calculate their environmental impact based on their lifestyle choices and provides tips for reduction.,https://github.com/uniguide/carbon-calc
UPSC,Public Policy Impact Tracker,Intermediate,A data visualization tool for government scheme results.,12,"React, Node.js",A data visualization dashboard that tracks the progress and socio-economic impact of various government schemes across different Indian states.,https://github.com/uniguide/policy-tracker
Civil Engineering,Bridge Load Analysis Tool,Intermediate,A simulation tool to test bridge durability under various weights.,8,"React, Node.js",An engineering simulation software that evaluates the structural integrity of bridges under varying load conditions to ensure safety and durability.,https://github.com/uniguide/bridge-analysis
Hotel Management,Guest Feedback Analytics,Intermediate,A tool to analyze reviews and suggest service improvements.,8,"Python, SQL",A sentiment analysis tool that aggregates reviews from multiple platforms to help hotel management identify and address service issues.,https://github.com/uniguide/hotel-feedback-analytics
Education,Adaptive Learning System,Advanced,A platform that changes difficulty based on student performance.,12,"Machine Learning, Flask",An intelligent educational platform that monitors a student's performance and automatically adjusts the difficulty level of the content to match their pace.,https://github.com/uniguide/adaptive-learning
Computer Science,Real-time Chat Application,Intermediate,A socket-based application for instant messaging between users.,8,"Machine Learning, Flask","A high-performance chat system supporting instant messaging, file sharing, and group chats using WebSockets for low-latency communication.",https://github.com/uniguide/realtime-chat
Medical,Telemedicine Appointment Portal,Intermediate,A platform connecting patients with doctors for video consultations.,4,"Arduino, C++","A healthcare platform that enables patients to book appointments, consult with doctors via secure video calls, and access digital prescriptions.",https://github.com/uniguide/telemedicine-portal
Media,Fake News Detection Tool,Advanced,An AI-based browser extension to flag misleading headlines.,4,"Python, SQL",A browser extension that uses machine learning to analyze news articles and flag content that shows high probability of being misleading or fake.,https://github.com/uniguide/fake-news-detector
Computer Science,Blockchain E-Voting System,Advanced,"A secure, decentralized voting platform to prevent tampering.",16,"React, Node.js","A decentralized voting platform that leverages blockchain technology to ensure transparency, security, and immutability of votes, preventing any form of electoral fraud.",https://github.com/uniguide/blockchain-evoting
Information Technology,Network Intrusion Detection System,Advanced,A tool to monitor network traffic and flag suspicious activities.,8,"Machine Learning, Flask",A sophisticated security tool that monitors network traffic in real-time to detect and alert administrators of potential cyber-attacks and unauthorized access attempts.,https://github.com/uniguide/nids-security
Hotel Management,Guest Feedback Analytics,Intermediate,A tool to analyze reviews and suggest service improvements.,8,"Arduino, C++",A sentiment analysis tool that aggregates reviews from multiple platforms to help hotel management identify and address service issues.,https://github.com/uniguide/hotel-feedback-analytics
Banking,Stock Portfolio Simulator,Intermediate,A virtual trading platform to practice investing with real-time data.,8,"Python, SQL",A virtual investment platform that uses real-market data to allow users to practice trading and managing a diversified stock portfolio without financial risk.,https://github.com/uniguide/stock-simulator
Environmental Science,Plastic Waste Tracking App,Intermediate,A community app to log and locate recycling centers.,16,"Python, SQL","A community-based app to track plastic waste generation, locate nearby recycling points, and earn rewards for sustainable disposal.",https://github.com/uniguide/plastic-tracker
Banking,Stock Portfolio Simulator,Intermediate,A virtual trading platform to practice investing with real-time data.,16,"React, Node.js",A virtual investment platform that uses real-market data to allow users to practice trading and managing a diversified stock portfolio without financial risk.,https://github.com/uniguide/stock-simulator
Information Technology,Cloud-Based File Storage System,Intermediate,A private cloud storage service similar to Dropbox using AWS/Azure.,4,"Python, SQL","A scalable cloud storage service that allows users to upload, manage, and share files securely from any device, featuring end-to-end encryption.",https://github.com/uniguide/cloud-storage
Hotel Management,Hotel Sustainability Audit,Beginner,A checklist and report generator for eco-friendly hotel practices.,12,"React, Node.js","A tool for hotel managers to assess their property's environmental impact across energy, water, and waste, providing suggestions for greener operations.",https://github.com/uniguide/hotel-sustainability
Commerce,Personal Tax Planner,Beginner,A calculator to help individuals optimize their tax savings.,4,"Machine Learning, Flask","A financial tool that helps users calculate their income tax, explore various tax-saving investments, and plan their annual finances more effectively.",https://github.com/uniguide/tax-planner
Law,AI Legal Document Summarizer,Advanced,A tool that condenses long legal papers into key points.,8,"React, Node.js","An NLP-based application that processes long, complex legal documents and extracts the most critical points, saving time for legal professionals.",https://github.com/uniguide/legal-summarizer
Pharmacy,Medicine Expiry Alert System,Intermediate,A tracker that notifies pharmacists when stock is near expiration.,8,"Arduino, C++",An inventory management solution for pharmacies that sends automated alerts when medications are approaching their expiration dates to prevent waste.,https://github.com/uniguide/medicine-expiry-alert
UPSC,Public Policy Impact Tracker,Intermediate,A data visualization tool for government scheme results.,12,"Arduino, C++",A data visualization dashboard that tracks the progress and socio-economic impact of various government schemes across different Indian states.,https://github.com/uniguide/policy-tracker
Management,Employee Performance Tracker,Beginner,A portal for HR to log KPIs and performance reviews.,4,"Machine Learning, Flask","A human resources tool that logs key performance indicators (KPIs), tracks project milestones, and generates performance reports for employees.",https://github.com/uniguide/performance-tracker
UPSC,Current Affairs Quiz Portal,Beginner,A daily updated quiz system for competitive exam prep.,8,"Python, SQL",A dynamic quiz platform that updates daily with the latest news and current affairs to help students prepare for competitive civil service exams.,https://github.com/uniguide/current-affairs-quiz
Education,Adaptive Learning System,Advanced,A platform that changes difficulty based on student performance.,16,"Machine Learning, Flask",An intelligent educational platform that monitors a student's performance and automatically adjusts the difficulty level of the content to match their pace.,https://github.com/uniguide/adaptive-learning
UPSC,Public Policy Impact Tracker,Intermediate,A data visualization tool for government scheme results.,4,"Machine Learning, Flask",A data visualization dashboard that tracks the progress and socio-economic impact of various government schemes across different Indian states.,https://github.com/uniguide/policy-tracker
Management,Inventory Management Dashboard,Intermediate,"A tool to track stock levels, orders, and sales trends.",8,"Arduino, C++","An analytics-driven dashboard for businesses to track inventory levels, monitor stock turnover rates, and predict future supply needs.",https://github.com/uniguide/inventory-dashboard
Commerce,Personal Tax Planner,Beginner,A calculator to help individuals optimize their tax savings.,12,"Machine Learning, Flask","A financial tool that helps users calculate their income tax, explore various tax-saving investments, and plan their annual finances more effectively.",https://github.com/uniguide/tax-planner
Information Technology,Network Intrusion Detection System,Advanced,A tool to monitor network traffic and flag suspicious activities.,8,"Arduino, C++",A sophisticated security tool that monitors network traffic in real-time to detect and alert administrators of potential cyber-attacks and unauthorized access attempts.,https://github.com/uniguide/nids-security
Civil Engineering,Rainwater Harvesting Model,Beginner,A blueprint and calculation tool for sustainable water storage.,12,"Arduino, C++",A blueprint and calculator for designing efficient rainwater collection systems for residential and commercial buildings to promote water conservation.,https://github.com/uniguide/rainwater-harvesting
Civil Engineering,Rainwater Harvesting Model,Beginner,A blueprint and calculation tool for sustainable water storage.,4,"Arduino, C++",A blueprint and calculator for designing efficient rainwater collection systems for residential and commercial buildings to promote water conservation.,https://github.com/uniguide/rainwater-harvesting
Hotel Management,Hotel Sustainability Audit,Beginner,A checklist and report generator for eco-friendly hotel practices.,8,"Python, SQL","A tool for hotel managers to assess their property's environmental impact across energy, water, and waste, providing suggestions for greener operations.",https://github.com/uniguide/hotel-sustainability
Civil Engineering,Low-Cost Housing Design,Intermediate,A 3D model project focusing on sustainable and affordable materials.,16,"React, Node.js",An architecture project focused on using sustainable and affordable materials to design high-quality housing for low-income populations.,https://github.com/uniguide/low-cost-housing
Hotel Management,Automated Room Service App,Intermediate,A mobile portal for guests to order food or request cleaning.,4,"React, Node.js","A guest-facing app for hotels that allows customers to browse menus, order food, and request housekeeping services directly from their smartphones.",https://github.com/uniguide/hotel-room-service
Medical,AI Skin Cancer Detection,Advanced,Using image processing to identify potential skin irregularities.,16,"React, Node.js",A medical diagnostic tool that utilizes deep learning and image processing to analyze skin lesions and provide preliminary assessments of potential skin cancer.,https://github.com/uniguide/skin-cancer-detection
Banking,Fraud Detection in Credit Cards,Advanced,A machine learning model to flag unusual transaction patterns.,8,"Machine Learning, Flask",A machine learning project that analyzes transaction patterns to detect and flag fraudulent activities in real-time to protect cardholders.,https://github.com/uniguide/fraud-detection
Environmental Science,Renewable Energy Suitability Map,Advanced,Using geographic data to find the best spots for solar/wind farms.,4,"Arduino, C++",A GIS-based tool that analyzes land topography and weather patterns to identify the most suitable locations for installing solar or wind energy farms.,https://github.com/uniguide/renewable-energy-map
Civil Engineering,Smart Traffic Management System,Advanced,Using sensors/AI to optimize traffic light timings and reduce congestion.,16,"Python, SQL",An AI-driven traffic control system that uses real-time camera feeds to adjust signal timings and reduce urban traffic congestion.,https://github.com/uniguide/smart-traffic
Medical,AI Skin Cancer Detection,Advanced,Using image processing to identify potential skin irregularities.,12,"Python, SQL",A medical diagnostic tool that utilizes deep learning and image processing to analyze skin lesions and provide preliminary assessments of potential skin cancer.,https://github.com/uniguide/skin-cancer-detection
UPSC,Current Affairs Quiz Portal,Beginner,A daily updated quiz system for competitive exam prep.,12,"React, Node.js",A dynamic quiz platform that updates daily with the latest news and current affairs to help students prepare for competitive civil service exams.,https://github.com/uniguide/current-affairs-quiz
Law,AI Legal Document Summarizer,Advanced,A tool that condenses long legal papers into key points.,8,"Python, SQL","An NLP-based application that processes long, complex legal documents and extracts the most critical points, saving time for legal professionals.",https://github.com/uniguide/legal-summarizer
Robotics,Line Follower Robot,Beginner,A robot that follows a black line on a white surface.,16,"Arduino, C++","A fundamental robotics project that uses IR sensors to follow a pre-defined path, commonly used as a starting point for learning autonomous navigation.",https://github.com/uniguide/line-follower
Information Technology,Virtual Private Network (VPN) Tool,Advanced,A custom VPN implementation for secure data tunneling.,4,"Python, SQL",A custom VPN client and server implementation that encrypts internet traffic and masks user IP addresses to ensure online privacy and security.,https://github.com/uniguide/vpn-tool
Commerce,GST Billing Software,Intermediate,A simple tool to generate tax-compliant invoices for small businesses.,16,"Machine Learning, Flask",A cloud-based billing application designed for small businesses to generate GST-compliant invoices and track tax liabilities automatically.,https://github.com/uniguide/gst-billing
Agriculture,E-Marketplace for Farmers,Intermediate,A direct-to-consumer platform to sell fresh produce.,8,"Machine Learning, Flask","A direct-to-consumer digital marketplace that eliminates middlemen, allowing farmers to sell their produce directly to retail customers for better profits.",https://github.com/uniguide/farmer-marketplace
Design,Sustainable Fashion Catalog,Intermediate,A digital magazine focusing on eco-friendly clothing brands.,16,"React, Node.js","A digital platform showcasing clothing made from eco-friendly materials, providing details on ethical sourcing and the environmental impact of fashion.",https://github.com/uniguide/sustainable-fashion
Agriculture,Hydroponic Monitoring System,Advanced,Automated nutrient and pH balancing for soil-less farming.,16,"Machine Learning, Flask","An automated system for indoor farming that monitors and adjusts water temperature, pH levels, and nutrient concentrations for optimal plant growth.",https://github.com/uniguide/hydroponic-system
Civil Engineering,Bridge Load Analysis Tool,Intermediate,A simulation tool to test bridge durability under various weights.,12,"Python, SQL",An engineering simulation software that evaluates the structural integrity of bridges under varying load conditions to ensure safety and durability.,https://github.com/uniguide/bridge-analysis
Law,Cyber Law Awareness Bot,Beginner,A chatbot that answers basic questions about internet laws.,8,"Arduino, C++","A conversational AI designed to educate users about digital rights, privacy laws, and the legal consequences of various cyber activities.",https://github.com/uniguide/cyber-law-bot
Management,Employee Performance Tracker,Beginner,A portal for HR to log KPIs and performance reviews.,16,"React, Node.js","A human resources tool that logs key performance indicators (KPIs), tracks project milestones, and generates performance reports for employees.",https://github.com/uniguide/performance-tracker
Environmental Science,Carbon Footprint Calculator,Beginner,A web tool for users to estimate their annual CO2 emissions.,16,"Arduino, C++",A web application that allows users to calculate their environmental impact based on their lifestyle choices and provides tips for reduction.,https://github.com/uniguide/carbon-calc
Education,School Management System,Beginner,"A portal for fees, exams, and student records.",4,"Arduino, C++","A centralized portal for schools to manage student enrollments, fee collections, exam scheduling, and communication with parents.",https://github.com/uniguide/school-mgmt
Law,Trademark Search Engine,Intermediate,A database search tool to check for existing business names.,4,"Machine Learning, Flask",A database tool for businesses to check the availability of brand names and logos against existing trademark registrations to avoid legal issues.,https://github.com/uniguide/trademark-search
Management,Agile Project Management Tool,Intermediate,A Kanban-style task manager for software development teams.,16,"React, Node.js","A collaboration platform for software teams featuring Kanban boards, sprint planning, and progress tracking using burndown charts.",https://github.com/uniguide/agile-pm-tool
Civil Engineering,Bridge Load Analysis Tool,Intermediate,A simulation tool to test bridge durability under various weights.,4,"Machine Learning, Flask",An engineering simulation software that evaluates the structural integrity of bridges under varying load conditions to ensure safety and durability.,https://github.com/uniguide/bridge-analysis
Agriculture,IoT-Based Smart Irrigation System,Intermediate,A system that waters crops based on soil moisture sensor data.,4,"Machine Learning, Flask",An automated farming solution that uses soil moisture and weather sensors to optimize water usage by irrigating fields only when necessary.,https://github.com/uniguide/smart-irrigation
Pharmacy,Herbal Medicine Knowledge Base,Beginner,An informative portal about various medicinal plants and uses.,8,"Arduino, C++","An educational resource providing detailed information on medicinal plants, their active compounds, benefits, and traditional uses.",https://github.com/uniguide/herbal-medicine-db
Environmental Science,Plastic Waste Tracking App,Intermediate,A community app to log and locate recycling centers.,4,"Machine Learning, Flask","A community-based app to track plastic waste generation, locate nearby recycling points, and earn rewards for sustainable disposal.",https://github.com/uniguide/plastic-tracker
Computer Science,Real-time Chat Application,Intermediate,A socket-based application for instant messaging between users.,4,"React, Node.js","A high-performance chat system supporting instant messaging, file sharing, and group chats using WebSockets for low-latency communication.",https://github.com/uniguide/realtime-chat
Hotel Management,Guest Feedback Analytics,Intermediate,A tool to analyze reviews and suggest service improvements.,8,"React, Node.js",A sentiment analysis tool that aggregates reviews from multiple platforms to help hotel management identify and address service issues.,https://github.com/uniguide/hotel-feedback-analytics
Pharmacy,Online Pharmacy Management,Intermediate,An e-commerce platform specifically for prescription and OTC drugs.,4,"React, Node.js","A full-featured e-commerce platform for pharmacies, allowing customers to upload prescriptions and order medications for home delivery.",https://github.com/uniguide/online-pharmacy
Banking,Digital Wallet Application,Intermediate,A secure mobile payment system using QR codes.,8,"React, Node.js","A secure mobile payment app that supports peer-to-peer transfers, bill payments, and QR code-based merchant transactions.",https://github.com/uniguide/digital-wallet
Civil Engineering,Smart Traffic Management System,Advanced,Using sensors/AI to optimize traffic light timings and reduce congestion.,8,"Arduino, C++",An AI-driven traffic control system that uses real-time camera feeds to adjust signal timings and reduce urban traffic congestion.,https://github.com/uniguide/smart-traffic
UPSC,State-wise Resource Map,Intermediate,"An interactive map showing crops, minerals, and industries by state.",8,"Arduino, C++","An interactive geographical map showing the distribution of natural resources, key industries, and agricultural output across all Indian states.",https://github.com/uniguide/resource-map
UPSC,Public Policy Impact Tracker,Intermediate,A data visualization tool for government scheme results.,12,"React, Node.js",A data visualization dashboard that tracks the progress and socio-economic impact of various government schemes across different Indian states.,https://github.com/uniguide/policy-tracker
Design,AI Logo Generator,Advanced,A tool that suggests logo designs based on keywords.,16,"React, Node.js","A tool that uses generative AI to create unique brand logos based on a user's company name, industry, and preferred aesthetic style.",https://github.com/uniguide/ai-logo-gen
Media,Podcast Hosting Platform,Intermediate,"A portal to upload, manage, and stream audio content.",16,"React, Node.js","A comprehensive service for creators to upload, host, and distribute podcast episodes to major streaming platforms with built-in listener analytics.",https://github.com/uniguide/podcast-hosting
Hotel Management,Guest Feedback Analytics,Intermediate,A tool to analyze reviews and suggest service improvements.,8,"Python, SQL",A sentiment analysis tool that aggregates reviews from multiple platforms to help hotel management identify and address service issues.,https://github.com/uniguide/hotel-feedback-analytics
Law,Cyber Law Awareness Bot,Beginner,A chatbot that answers basic questions about internet laws.,12,"Python, SQL","A conversational AI designed to educate users about digital rights, privacy laws, and the legal consequences of various cyber activities.",https://github.com/uniguide/cyber-law-bot
Pharmacy,Herbal Medicine Knowledge Base,Beginner,An informative portal about various medicinal plants and uses.,16,"React, Node.js","An educational resource providing detailed information on medicinal plants, their active compounds, benefits, and traditional uses.",https://github.com/uniguide/herbal-medicine-db
Commerce,Personal Tax Planner,Beginner,A calculator to help individuals optimize their tax savings.,4,"React, Node.js","A financial tool that helps users calculate their income tax, explore various tax-saving investments, and plan their annual finances more effectively.",https://github.com/uniguide/tax-planner
Civil Engineering,Low-Cost Housing Design,Intermediate,A 3D model project focusing on sustainable and affordable materials.,8,"Python, SQL",An architecture project focused on using sustainable and affordable materials to design high-quality housing for low-income populations.,https://github.com/uniguide/low-cost-housing
Design,Sustainable Fashion Catalog,Intermediate,A digital magazine focusing on eco-friendly clothing brands.,16,"Python, SQL","A digital platform showcasing clothing made from eco-friendly materials, providing details on ethical sourcing and the environmental impact of fashion.",https://github.com/uniguide/sustainable-fashion
Civil Engineering,Rainwater Harvesting Model,Beginner,A blueprint and calculation tool for sustainable water storage.,4,"Python, SQL",A blueprint and calculator for designing efficient rainwater collection systems for residential and commercial buildings to promote water conservation.,https://github.com/uniguide/rainwater-harvesting
Robotics,Autonomous Delivery Drone,Advanced,A drone programmed to deliver small packages to GPS coordinates.,12,"Python, SQL",A high-end drone project capable of navigating to specific GPS coordinates to deliver small packages without manual pilot intervention.,https://github.com/uniguide/delivery-drone
UPSC,Current Affairs Quiz Portal,Beginner,A daily updated quiz system for competitive exam prep.,4,"Arduino, C++",A dynamic quiz platform that updates daily with the latest news and current affairs to help students prepare for competitive civil service exams.,https://github.com/uniguide/current-affairs-quiz
Management,Inventory Management Dashboard,Intermediate,"A tool to track stock levels, orders, and sales trends.",8,"Python, SQL","An analytics-driven dashboard for businesses to track inventory levels, monitor stock turnover rates, and predict future supply needs.",https://github.com/uniguide/inventory-dashboard
Information Technology,Cloud-Based File Storage System,Intermediate,A private cloud storage service similar to Dropbox using AWS/Azure.,8,"Python, SQL","A scalable cloud storage service that allows users to upload, manage, and share files securely from any device, featuring end-to-end encryption.",https://github.com/uniguide/cloud-storage
Education,Student Attendance via Face Recognition,Advanced,Using a camera to log student presence automatically.,12,"Machine Learning, Flask",A smart classroom solution that uses facial recognition technology to automatically log student attendance and generate daily reports.,https://github.com/uniguide/face-attendance
Pharmacy,Online Pharmacy Management,Intermediate,An e-commerce platform specifically for prescription and OTC drugs.,4,"Arduino, C++","A full-featured e-commerce platform for pharmacies, allowing customers to upload prescriptions and order medications for home delivery.",https://github.com/uniguide/online-pharmacy
Education,Student Attendance via Face Recognition,Advanced,Using a camera to log student presence automatically.,8,"Python, SQL",A smart classroom solution that uses facial recognition technology to automatically log student attendance and generate daily reports.,https://github.com/uniguide/face-attendance
Pharmacy,Medicine Expiry Alert System,Intermediate,A tracker that notifies pharmacists when stock is near expiration.,8,"Python, SQL",An inventory management solution for pharmacies that sends automated alerts when medications are approaching their expiration dates to prevent waste.,https://github.com/uniguide/medicine-expiry-alert
Media,Digital Magazine for Students,Beginner,A CMS-based site for student journalism and articles.,8,"React, Node.js","A collaborative online publishing platform for student journalists to write, edit, and publish articles on campus news and global topics.",https://github.com/uniguide/student-magazine
Design,Personal Branding Portfolio,Beginner,A high-end responsive website to showcase creative work.,8,"Python, SQL","A professionally designed web portfolio to showcase a designer's creative work, including case studies, skill visualizations, and contact information.",https://github.com/uniguide/design-portfolio
Design,Sustainable Fashion Catalog,Intermediate,A digital magazine focusing on eco-friendly clothing brands.,12,"React, Node.js","A digital platform showcasing clothing made from eco-friendly materials, providing details on ethical sourcing and the environmental impact of fashion.",https://github.com/uniguide/sustainable-fashion
Agriculture,IoT-Based Smart Irrigation System,Intermediate,A system that waters crops based on soil moisture sensor data.,16,"React, Node.js",An automated farming solution that uses soil moisture and weather sensors to optimize water usage by irrigating fields only when necessary.,https://github.com/uniguide/smart-irrigation
Agriculture,IoT-Based Smart Irrigation System,Intermediate,A system that waters crops based on soil moisture sensor data.,16,"Python, SQL",An automated farming solution that uses soil moisture and weather sensors to optimize water usage by irrigating fields only when necessary.,https://github.com/uniguide/smart-irrigation
Pharmacy,Online Pharmacy Management,Intermediate,An e-commerce platform specifically for prescription and OTC drugs.,8,"Python, SQL","A full-featured e-commerce platform for pharmacies, allowing customers to upload prescriptions and order medications for home delivery.",https://github.com/uniguide/online-pharmacy
Commerce,GST Billing Software,Intermediate,A simple tool to generate tax-compliant invoices for small businesses.,4,"Machine Learning, Flask",A cloud-based billing application designed for small businesses to generate GST-compliant invoices and track tax liabilities automatically.,https://github.com/uniguide/gst-billing
Management,Market Sentiment Analysis,Advanced,Using social media data to gauge public opinion on a brand.,4,"Machine Learning, Flask",A data analytics tool that scrapes social media and news data to determine the public's emotional response toward specific brands or products.,https://github.com/uniguide/market-sentiment
Education,Adaptive Learning System,Advanced,A platform that changes difficulty based on student performance.,4,"Python, SQL",An intelligent educational platform that monitors a student's performance and automatically adjusts the difficulty level of the content to match their pace.,https://github.com/uniguide/adaptive-learning
Computer Science,AI-Based Career Roadmap Generator,Advanced,An NLP-based tool that suggests learning paths based on user skills.,12,"Python, SQL","A comprehensive system using machine learning to analyze a user's current skill set and generate a step-by-step learning path to reach a specific career goal, including recommended courses and projects.",https://github.com/uniguide/ai-career-roadmap
Law,AI Legal Document Summarizer,Advanced,A tool that condenses long legal papers into key points.,16,"Machine Learning, Flask","An NLP-based application that processes long, complex legal documents and extracts the most critical points, saving time for legal professionals.",https://github.com/uniguide/legal-summarizer
Management,Agile Project Management Tool,Intermediate,A Kanban-style task manager for software development teams.,8,"Machine Learning, Flask","A collaboration platform for software teams featuring Kanban boards, sprint planning, and progress tracking using burndown charts.",https://github.com/uniguide/agile-pm-tool
Design,AI Logo Generator,Advanced,A tool that suggests logo designs based on keywords.,12,"Python, SQL","A tool that uses generative AI to create unique brand logos based on a user's company name, industry, and preferred aesthetic style.",https://github.com/uniguide/ai-logo-gen
Hotel Management,Virtual Tour for Resort,Advanced,A VR-based walk-through of hotel rooms and facilities.,4,"React, Node.js",A VR/360-degree interactive tour that allows potential guests to explore resort facilities and room options from their web browser.,https://github.com/uniguide/hotel-virtual-tour
Computer Science,Real-time Chat Application,Intermediate,A socket-based application for instant messaging between users.,16,"Machine Learning, Flask","A high-performance chat system supporting instant messaging, file sharing, and group chats using WebSockets for low-latency communication.",https://github.com/uniguide/realtime-chat
Education,Adaptive Learning System,Advanced,A platform that changes difficulty based on student performance.,8,"Arduino, C++",An intelligent educational platform that monitors a student's performance and automatically adjusts the difficulty level of the content to match their pace.,https://github.com/uniguide/adaptive-learning
Law,Trademark Search Engine,Intermediate,A database search tool to check for existing business names.,4,"Python, SQL",A database tool for businesses to check the availability of brand names and logos against existing trademark registrations to avoid legal issues.,https://github.com/uniguide/trademark-search
Information Technology,Network Intrusion Detection System,Advanced,A tool to monitor network traffic and flag suspicious activities.,4,"Arduino, C++",A sophisticated security tool that monitors network traffic in real-time to detect and alert administrators of potential cyber-attacks and unauthorized access attempts.,https://github.com/uniguide/nids-security
Hotel Management,Automated Room Service App,Intermediate,A mobile portal for guests to order food or request cleaning.,4,"Python, SQL","A guest-facing app for hotels that allows customers to browse menus, order food, and request housekeeping services directly from their smartphones.",https://github.com/uniguide/hotel-room-service
Medical,Hospital Patient Record Management,Beginner,A database system to securely store and retrieve patient history.,12,"Python, SQL","A secure electronic health record (EHR) system for hospitals to maintain patient history, lab results, and medication records in a centralized database.",https://github.com/uniguide/hospital-records
Medical,AI Skin Cancer Detection,Advanced,Using image processing to identify potential skin irregularities.,16,"Machine Learning, Flask",A medical diagnostic tool that utilizes deep learning and image processing to analyze skin lesions and provide preliminary assessments of potential skin cancer.,https://github.com/uniguide/skin-cancer-detection
Information Technology,Network Intrusion Detection System,Advanced,A tool to monitor network traffic and flag suspicious activities.,8,"React, Node.js",A sophisticated security tool that monitors network traffic in real-time to detect and alert administrators of potential cyber-attacks and unauthorized access attempts.,https://github.com/uniguide/nids-security
Environmental Science,Renewable Energy Suitability Map,Advanced,Using geographic data to find the best spots for solar/wind farms.,12,"Python, SQL",A GIS-based tool that analyzes land topography and weather patterns to identify the most suitable locations for installing solar or wind energy farms.,https://github.com/uniguide/renewable-energy-map
Robotics,Obstacle Avoiding Robot,Beginner,A basic rover using ultrasonic sensors to navigate.,4,"React, Node.js",An autonomous mobile robot project that uses ultrasonic sensors to navigate its environment and avoid collisions with objects.,https://github.com/uniguide/obstacle-avoiding-robot
Civil Engineering,Smart Traffic Management System,Advanced,Using sensors/AI to optimize traffic light timings and reduce congestion.,8,"React, Node.js",An AI-driven traffic control system that uses real-time camera feeds to adjust signal timings and reduce urban traffic congestion.,https://github.com/uniguide/smart-traffic
Medical,Hospital Patient Record Management,Beginner,A database system to securely store and retrieve patient history.,4,"Machine Learning, Flask","A secure electronic health record (EHR) system for hospitals to maintain patient history, lab results, and medication records in a centralized database.",https://github.com/uniguide/hospital-records
Agriculture,E-Marketplace for Farmers,Intermediate,A direct-to-consumer platform to sell fresh produce.,4,"React, Node.js","A direct-to-consumer digital marketplace that eliminates middlemen, allowing farmers to sell their produce directly to retail customers for better profits.",https://github.com/uniguide/farmer-marketplace
Media,Digital Magazine for Students,Beginner,A CMS-based site for student journalism and articles.,16,"React, Node.js","A collaborative online publishing platform for student journalists to write, edit, and publish articles on campus news and global topics.",https://github.com/uniguide/student-magazine
Medical,Fitness and Nutrition Tracker,Beginner,An app that calculates BMI and suggests diet plans.,12,"Arduino, C++","An integrated mobile app for logging daily workouts, tracking calorie intake, and providing personalized health tips based on user goals.",https://github.com/uniguide/fitness-nutrition
Civil Engineering,Rainwater Harvesting Model,Beginner,A blueprint and calculation tool for sustainable water storage.,12,"Machine Learning, Flask",A blueprint and calculator for designing efficient rainwater collection systems for residential and commercial buildings to promote water conservation.,https://github.com/uniguide/rainwater-harvesting
Banking,Stock Portfolio Simulator,Intermediate,A virtual trading platform to practice investing with real-time data.,12,"React, Node.js",A virtual investment platform that uses real-market data to allow users to practice trading and managing a diversified stock portfolio without financial risk.,https://github.com/uniguide/stock-simulator
Computer Science,Blockchain E-Voting System,Advanced,"A secure, decentralized voting platform to prevent tampering.",16,"React, Node.js","A decentralized voting platform that leverages blockchain technology to ensure transparency, security, and immutability of votes, preventing any form of electoral fraud.",https://github.com/uniguide/blockchain-evoting
Hotel Management,Virtual Tour for Resort,Advanced,A VR-based walk-through of hotel rooms and facilities.,16,"Arduino, C++",A VR/360-degree interactive tour that allows potential guests to explore resort facilities and room options from their web browser.,https://github.com/uniguide/hotel-virtual-tour
UPSC,Current Affairs Quiz Portal,Beginner,A daily updated quiz system for competitive exam prep.,4,"Arduino, C++",A dynamic quiz platform that updates daily with the latest news and current affairs to help students prepare for competitive civil service exams.,https://github.com/uniguide/current-affairs-quiz
Media,Fake News Detection Tool,Advanced,An AI-based browser extension to flag misleading headlines.,16,"Arduino, C++",A browser extension that uses machine learning to analyze news articles and flag content that shows high probability of being misleading or fake.,https://github.com/uniguide/fake-news-detector
Commerce,GST Billing Software,Intermediate,A simple tool to generate tax-compliant invoices for small businesses.,12,"Machine Learning, Flask",A cloud-based billing application designed for small businesses to generate GST-compliant invoices and track tax liabilities automatically.,https://github.com/uniguide/gst-billing
Pharmacy,Drug Interaction Checker,Advanced,A database-driven tool to check if two medications react poorly.,12,"Arduino, C++",A clinical tool that cross-references a database of medications to identify and warn users about potentially dangerous interactions between different drugs.,https://github.com/uniguide/drug-interaction-checker
Pharmacy,Drug Interaction Checker,Advanced,A database-driven tool to check if two medications react poorly.,16,"React, Node.js",A clinical tool that cross-references a database of medications to identify and warn users about potentially dangerous interactions between different drugs.,https://github.com/uniguide/drug-interaction-checker
Media,Fake News Detection Tool,Advanced,An AI-based browser extension to flag misleading headlines.,16,"Python, SQL",A browser extension that uses machine learning to analyze news articles and flag content that shows high probability of being misleading or fake.,https://github.com/uniguide/fake-news-detector
Commerce,E-Commerce Sales Predictor,Advanced,Using historical data to predict peak sales seasons.,8,"React, Node.js",A time-series forecasting model that helps online retailers predict sales volume for different seasons to optimize inventory and marketing.,https://github.com/uniguide/ecommerce-sales-predictor
Design,AR Furniture Placer,Advanced,An app that lets users see how furniture looks in their room via AR.,12,"Machine Learning, Flask",An augmented reality application that lets users visualize how furniture items would look and fit in their actual living space using a smartphone camera.,https://github.com/uniguide/ar-furniture
Agriculture,E-Marketplace for Farmers,Intermediate,A direct-to-consumer platform to sell fresh produce.,16,"React, Node.js","A direct-to-consumer digital marketplace that eliminates middlemen, allowing farmers to sell their produce directly to retail customers for better profits.",https://github.com/uniguide/farmer-marketplace
Commerce,E-Commerce Sales Predictor,Advanced,Using historical data to predict peak sales seasons.,4,"Machine Learning, Flask",A time-series forecasting model that helps online retailers predict sales volume for different seasons to optimize inventory and marketing.,https://github.com/uniguide/ecommerce-sales-predictor
Hotel Management,Hotel Sustainability Audit,Beginner,A checklist and report generator for eco-friendly hotel practices.,12,"Arduino, C++","A tool for hotel managers to assess their property's environmental impact across energy, water, and waste, providing suggestions for greener operations.",https://github.com/uniguide/hotel-sustainability
Medical,Hospital Patient Record Management,Beginner,A database system to securely store and retrieve patient history.,8,"Machine Learning, Flask","A secure electronic health record (EHR) system for hospitals to maintain patient history, lab results, and medication records in a centralized database.",https://github.com/uniguide/hospital-records
Computer Science,AI-Based Career Roadmap Generator,Advanced,An NLP-based tool that suggests learning paths based on user skills.,4,"Arduino, C++","A comprehensive system using machine learning to analyze a user's current skill set and generate a step-by-step learning path to reach a specific career goal, including recommended courses and projects.",https://github.com/uniguide/ai-career-roadmap
Information Technology,Automated IT Ticketing System,Intermediate,A portal for employees to raise and track technical support issues.,16,"React, Node.js","An enterprise-level portal for managing IT support requests, featuring automated ticket routing, priority levels, and detailed resolution tracking.",https://github.com/uniguide/it-ticketing
Commerce,Personal Tax Planner,Beginner,A calculator to help individuals optimize their tax savings.,4,"Python, SQL","A financial tool that helps users calculate their income tax, explore various tax-saving investments, and plan their annual finances more effectively.",https://github.com/uniguide/tax-planner
Robotics,Obstacle Avoiding Robot,Beginner,A basic rover using ultrasonic sensors to navigate.,8,"Python, SQL",An autonomous mobile robot project that uses ultrasonic sensors to navigate its environment and avoid collisions with objects.,https://github.com/uniguide/obstacle-avoiding-robot
Information Technology,Virtual Private Network (VPN) Tool,Advanced,A custom VPN implementation for secure data tunneling.,8,"Arduino, C++",A custom VPN client and server implementation that encrypts internet traffic and masks user IP addresses to ensure online privacy and security.,https://github.com/uniguide/vpn-tool
Computer Science,AI-Based Career Roadmap Generator,Advanced,An NLP-based tool that suggests learning paths based on user skills.,4,"Arduino, C++","A comprehensive system using machine learning to analyze a user's current skill set and generate a step-by-step learning path to reach a specific career goal, including recommended courses and projects.",https://github.com/uniguide/ai-career-roadmap
Agriculture,E-Marketplace for Farmers,Intermediate,A direct-to-consumer platform to sell fresh produce.,16,"Python, SQL","A direct-to-consumer digital marketplace that eliminates middlemen, allowing farmers to sell their produce directly to retail customers for better profits.",https://github.com/uniguide/farmer-marketplace
Civil Engineering,Bridge Load Analysis Tool,Intermediate,A simulation tool to test bridge durability under various weights.,8,"Arduino, C++",An engineering simulation software that evaluates the structural integrity of bridges under varying load conditions to ensure safety and durability.,https://github.com/uniguide/bridge-analysis
Robotics,Line Follower Robot,Beginner,A robot that follows a black line on a white surface.,16,"Python, SQL","A fundamental robotics project that uses IR sensors to follow a pre-defined path, commonly used as a starting point for learning autonomous navigation.",https://github.com/uniguide/line-follower
Environmental Science,Carbon Footprint Calculator,Beginner,A web tool for users to estimate their annual CO2 emissions.,8,"React, Node.js",A web application that allows users to calculate their environmental impact based on their lifestyle choices and provides tips for reduction.,https://github.com/uniguide/carbon-calc
Banking,Loan Eligibility Calculator,Beginner,A tool that predicts loan approval based on credit score and income.,8,"React, Node.js","A predictive tool for banking customers to estimate their chances of loan approval based on their credit score, income, and other financial parameters.",https://github.com/uniguide/loan-eligibility
Law,Online Dispute Resolution Portal,Intermediate,A platform for mediation and settlement between parties.,4,"Python, SQL",A digital platform that facilitates mediation and negotiation between conflicting parties to reach legal settlements outside of traditional courtrooms.,https://github.com/uniguide/dispute-resolution
Commerce,GST Billing Software,Intermediate,A simple tool to generate tax-compliant invoices for small businesses.,16,"React, Node.js",A cloud-based billing application designed for small businesses to generate GST-compliant invoices and track tax liabilities automatically.,https://github.com/uniguide/gst-billing
Design,AI Logo Generator,Advanced,A tool that suggests logo designs based on keywords.,4,"React, Node.js","A tool that uses generative AI to create unique brand logos based on a user's company name, industry, and preferred aesthetic style.",https://github.com/uniguide/ai-logo-gen
Agriculture,Crop Disease Identification App,Advanced,Using leaf images to detect pests or diseases in crops.,8,"React, Node.js",An AI-powered mobile application that allows farmers to take photos of crops and receive instant diagnosis and treatment recommendations for diseases.,https://github.com/uniguide/crop-disease-id
Banking,Loan Eligibility Calculator,Beginner,A tool that predicts loan approval based on credit score and income.,4,"Arduino, C++","A predictive tool for banking customers to estimate their chances of loan approval based on their credit score, income, and other financial parameters.",https://github.com/uniguide/loan-eligibility
Pharmacy,Online Pharmacy Management,Intermediate,An e-commerce platform specifically for prescription and OTC drugs.,12,"Arduino, C++","A full-featured e-commerce platform for pharmacies, allowing customers to upload prescriptions and order medications for home delivery.",https://github.com/uniguide/online-pharmacy
Pharmacy,Online Pharmacy Management,Intermediate,An e-commerce platform specifically for prescription and OTC drugs.,12,"Arduino, C++","A full-featured e-commerce platform for pharmacies, allowing customers to upload prescriptions and order medications for home delivery.",https://github.com/uniguide/online-pharmacy
Pharmacy,Herbal Medicine Knowledge Base,Beginner,An informative portal about various medicinal plants and uses.,16,"Arduino, C++","An educational resource providing detailed information on medicinal plants, their active compounds, benefits, and traditional uses.",https://github.com/uniguide/herbal-medicine-db
Commerce,Personal Tax Planner,Beginner,A calculator to help individuals optimize their tax savings.,4,"Arduino, C++","A financial tool that helps users calculate their income tax, explore various tax-saving investments, and plan their annual finances more effectively.",https://github.com/uniguide/tax-planner
Civil Engineering,Low-Cost Housing Design,Intermediate,A 3D model project focusing on sustainable and affordable materials.,4,"Arduino, C++",An architecture project focused on using sustainable and affordable materials to design high-quality housing for low-income populations.,https://github.com/uniguide/low-cost-housing
Agriculture,Crop Disease Identification App,Advanced,Using leaf images to detect pests or diseases in crops.,12,"Arduino, C++",An AI-powered mobile application that allows farmers to take photos of crops and receive instant diagnosis and treatment recommendations for diseases.,https://github.com/uniguide/crop-disease-id
Pharmacy,Drug Interaction Checker,Advanced,A database-driven tool to check if two medications react poorly.,16,"React, Node.js",A clinical tool that cross-references a database of medications to identify and warn users about potentially dangerous interactions between different drugs.,https://github.com/uniguide/drug-interaction-checker
Agriculture,IoT-Based Smart Irrigation System,Intermediate,A system that waters crops based on soil moisture sensor data.,4,"Machine Learning, Flask",An automated farming solution that uses soil moisture and weather sensors to optimize water usage by irrigating fields only when necessary.,https://github.com/uniguide/smart-irrigation
Pharmacy,Herbal Medicine Knowledge Base,Beginner,An informative portal about various medicinal plants and uses.,8,"Python, SQL","An educational resource providing detailed information on medicinal plants, their active compounds, benefits, and traditional uses.",https://github.com/uniguide/herbal-medicine-db
Computer Science,AI-Based Career Roadmap Generator,Advanced,An NLP-based tool that suggests learning paths based on user skills.,8,"Python, SQL","A comprehensive system using machine learning to analyze a user's current skill set and generate a step-by-step learning path to reach a specific career goal, including recommended courses and projects.",https://github.com/uniguide/ai-career-roadmap
Education,School Management System,Beginner,"A portal for fees, exams, and student records.",8,"Machine Learning, Flask","A centralized portal for schools to manage student enrollments, fee collections, exam scheduling, and communication with parents.",https://github.com/uniguide/school-mgmt
Hotel Management,Virtual Tour for Resort,Advanced,A VR-based walk-through of hotel rooms and facilities.,8,"Machine Learning, Flask",A VR/360-degree interactive tour that allows potential guests to explore resort facilities and room options from their web browser.,https://github.com/uniguide/hotel-virtual-tour
Commerce,Supply Chain Tracking System,Intermediate,A log-based system to track products from manufacturer to retailer.,16,"Arduino, C++",A logistics platform that uses barcode/RFID data to provide end-to-end visibility of products as they move from manufacturers to retail shelves.,https://github.com/uniguide/supply-chain-tracker
Civil Engineering,Rainwater Harvesting Model,Beginner,A blueprint and calculation tool for sustainable water storage.,12,"Machine Learning, Flask",A blueprint and calculator for designing efficient rainwater collection systems for residential and commercial buildings to promote water conservation.,https://github.com/uniguide/rainwater-harvesting
Law,Online Dispute Resolution Portal,Intermediate,A platform for mediation and settlement between parties.,12,"Machine Learning, Flask",A digital platform that facilitates mediation and negotiation between conflicting parties to reach legal settlements outside of traditional courtrooms.,https://github.com/uniguide/dispute-resolution
Banking,Digital Wallet Application,Intermediate,A secure mobile payment system using QR codes.,16,"React, Node.js","A secure mobile payment app that supports peer-to-peer transfers, bill payments, and QR code-based merchant transactions.",https://github.com/uniguide/digital-wallet
Pharmacy,Medicine Expiry Alert System,Intermediate,A tracker that notifies pharmacists when stock is near expiration.,4,"React, Node.js",An inventory management solution for pharmacies that sends automated alerts when medications are approaching their expiration dates to prevent waste.,https://github.com/uniguide/medicine-expiry-alert
Law,AI Legal Document Summarizer,Advanced,A tool that condenses long legal papers into key points.,12,"Arduino, C++","An NLP-based application that processes long, complex legal documents and extracts the most critical points, saving time for legal professionals.",https://github.com/uniguide/legal-summarizer
Commerce,GST Billing Software,Intermediate,A simple tool to generate tax-compliant invoices for small businesses.,4,"React, Node.js",A cloud-based billing application designed for small businesses to generate GST-compliant invoices and track tax liabilities automatically.,https://github.com/uniguide/gst-billing
Civil Engineering,Rainwater Harvesting Model,Beginner,A blueprint and calculation tool for sustainable water storage.,8,"Machine Learning, Flask",A blueprint and calculator for designing efficient rainwater collection systems for residential and commercial buildings to promote water conservation.,https://github.com/uniguide/rainwater-harvesting
Information Technology,Virtual Private Network (VPN) Tool,Advanced,A custom VPN implementation for secure data tunneling.,4,"Python, SQL",A custom VPN client and server implementation that encrypts internet traffic and masks user IP addresses to ensure online privacy and security.,https://github.com/uniguide/vpn-tool
Management,Agile Project Management Tool,Intermediate,A Kanban-style task manager for software development teams.,8,"Arduino, C++","A collaboration platform for software teams featuring Kanban boards, sprint planning, and progress tracking using burndown charts.",https://github.com/uniguide/agile-pm-tool
Environmental Science,Carbon Footprint Calculator,Beginner,A web tool for users to estimate their annual CO2 emissions.,16,"React, Node.js",A web application that allows users to calculate their environmental impact based on their lifestyle choices and provides tips for reduction.,https://github.com/uniguide/carbon-calc
UPSC,Current Affairs Quiz Portal,Beginner,A daily updated quiz system for competitive exam prep.,16,"React, Node.js",A dynamic quiz platform that updates daily with the latest news and current affairs to help students prepare for competitive civil service exams.,https://github.com/uniguide/current-affairs-quiz
Environmental Science,Plastic Waste Tracking App,Intermediate,A community app to log and locate recycling centers.,16,"React, Node.js","A community-based app to track plastic waste generation, locate nearby recycling points, and earn rewards for sustainable disposal.",https://github.com/uniguide/plastic-tracker
Civil Engineering,Bridge Load Analysis Tool,Intermediate,A simulation tool to test bridge durability under various weights.,4,"Python, SQL",An engineering simulation software that evaluates the structural integrity of bridges under varying load conditions to ensure safety and durability.,https://github.com/uniguide/bridge-analysis
UPSC,State-wise Resource Map,Intermediate,"An interactive map showing crops, minerals, and industries by state.",8,"Arduino, C++","An interactive geographical map showing the distribution of natural resources, key industries, and agricultural output across all Indian states.",https://github.com/uniguide/resource-map
Information Technology,Automated IT Ticketing System,Intermediate,A portal for employees to raise and track technical support issues.,12,"Python, SQL","An enterprise-level portal for managing IT support requests, featuring automated ticket routing, priority levels, and detailed resolution tracking.",https://github.com/uniguide/it-ticketing
Medical,AI Skin Cancer Detection,Advanced,Using image processing to identify potential skin irregularities.,4,"React, Node.js",A medical diagnostic tool that utilizes deep learning and image processing to analyze skin lesions and provide preliminary assessments of potential skin cancer.,https://github.com/uniguide/skin-cancer-detection
Civil Engineering,Smart Traffic Management System,Advanced,Using sensors/AI to optimize traffic light timings and reduce congestion.,4,"Arduino, C++",An AI-driven traffic control system that uses real-time camera feeds to adjust signal timings and reduce urban traffic congestion.,https://github.com/uniguide/smart-traffic
UPSC,Public Policy Impact Tracker,Intermediate,A data visualization tool for government scheme results.,8,"React, Node.js",A data visualization dashboard that tracks the progress and socio-economic impact of various government schemes across different Indian states.,https://github.com/uniguide/policy-tracker
UPSC,Public Policy Impact Tracker,Intermediate,A data visualization tool for government scheme results.,8,"Machine Learning, Flask",A data visualization dashboard that tracks the progress and socio-economic impact of various government schemes across different Indian states.,https://github.com/uniguide/policy-tracker
Management,Agile Project Management Tool,Intermediate,A Kanban-style task manager for software development teams.,16,"Python, SQL","A collaboration platform for software teams featuring Kanban boards, sprint planning, and progress tracking using burndown charts.",https://github.com/uniguide/agile-pm-tool
Commerce,Supply Chain Tracking System,Intermediate,A log-based system to track products from manufacturer to retailer.,8,"Arduino, C++",A logistics platform that uses barcode/RFID data to provide end-to-end visibility of products as they move from manufacturers to retail shelves.,https://github.com/uniguide/supply-chain-tracker
Banking,Stock Portfolio Simulator,Intermediate,A virtual trading platform to practice investing with real-time data.,4,"React, Node.js",A virtual investment platform that uses real-market data to allow users to practice trading and managing a diversified stock portfolio without financial risk.,https://github.com/uniguide/stock-simulator
Computer Science,Personal Budget Tracker,Beginner,A simple web app to track daily expenses and visualize savings.,16,"Arduino, C++","A user-friendly web application designed to help individuals track their income and expenses, set savings goals, and visualize their spending habits through interactive charts.",https://github.com/uniguide/budget-tracker
Medical,Hospital Patient Record Management,Beginner,A database system to securely store and retrieve patient history.,4,"Arduino, C++","A secure electronic health record (EHR) system for hospitals to maintain patient history, lab results, and medication records in a centralized database.",https://github.com/uniguide/hospital-records
Design,AR Furniture Placer,Advanced,An app that lets users see how furniture looks in their room via AR.,12,"Python, SQL",An augmented reality application that lets users visualize how furniture items would look and fit in their actual living space using a smartphone camera.,https://github.com/uniguide/ar-furniture
Computer Science,Personal Budget Tracker,Beginner,A simple web app to track daily expenses and visualize savings.,16,"Machine Learning, Flask","A user-friendly web application designed to help individuals track their income and expenses, set savings goals, and visualize their spending habits through interactive charts.",https://github.com/uniguide/budget-tracker
Commerce,E-Commerce Sales Predictor,Advanced,Using historical data to predict peak sales seasons.,16,"Machine Learning, Flask",A time-series forecasting model that helps online retailers predict sales volume for different seasons to optimize inventory and marketing.,https://github.com/uniguide/ecommerce-sales-predictor
Medical,Hospital Patient Record Management,Beginner,A database system to securely store and retrieve patient history.,16,"Machine Learning, Flask","A secure electronic health record (EHR) system for hospitals to maintain patient history, lab results, and medication records in a centralized database.",https://github.com/uniguide/hospital-records
Robotics,Gesture-Controlled Robotic Arm,Advanced,An arm that mimics human hand movements using sensors.,16,"Arduino, C++",A sophisticated robotic project where an arm mimics the hand movements of a human operator wearing specialized sensor-equipped gloves.,https://github.com/uniguide/gesture-robot-arm
UPSC,Current Affairs Quiz Portal,Beginner,A daily updated quiz system for competitive exam prep.,8,"Arduino, C++",A dynamic quiz platform that updates daily with the latest news and current affairs to help students prepare for competitive civil service exams.,https://github.com/uniguide/current-affairs-quiz
Commerce,Personal Tax Planner,Beginner,A calculator to help individuals optimize their tax savings.,12,"React, Node.js","A financial tool that helps users calculate their income tax, explore various tax-saving investments, and plan their annual finances more effectively.",https://github.com/uniguide/tax-planner
Management,Inventory Management Dashboard,Intermediate,"A tool to track stock levels, orders, and sales trends.",12,"Python, SQL","An analytics-driven dashboard for businesses to track inventory levels, monitor stock turnover rates, and predict future supply needs.",https://github.com/uniguide/inventory-dashboard
Banking,Loan Eligibility Calculator,Beginner,A tool that predicts loan approval based on credit score and income.,16,"Python, SQL","A predictive tool for banking customers to estimate their chances of loan approval based on their credit score, income, and other financial parameters.",https://github.com/uniguide/loan-eligibility
UPSC,Public Policy Impact Tracker,Intermediate,A data visualization tool for government scheme results.,4,"Python, SQL",A data visualization dashboard that tracks the progress and socio-economic impact of various government schemes across different Indian states.,https://github.com/uniguide/policy-tracker
Civil Engineering,Bridge Load Analysis Tool,Intermediate,A simulation tool to test bridge durability under various weights.,4,"Machine Learning, Flask",An engineering simulation software that evaluates the structural integrity of bridges under varying load conditions to ensure safety and durability.,https://github.com/uniguide/bridge-analysis
Agriculture,Crop Disease Identification App,Advanced,Using leaf images to detect pests or diseases in crops.,8,"Machine Learning, Flask",An AI-powered mobile application that allows farmers to take photos of crops and receive instant diagnosis and treatment recommendations for diseases.,https://github.com/uniguide/crop-disease-id
Banking,Digital Wallet Application,Intermediate,A secure mobile payment system using QR codes.,4,"Machine Learning, Flask","A secure mobile payment app that supports peer-to-peer transfers, bill payments, and QR code-based merchant transactions.",https://github.com/uniguide/digital-wallet
Management,Inventory Management Dashboard,Intermediate,"A tool to track stock levels, orders, and sales trends.",4,"React, Node.js","An analytics-driven dashboard for businesses to track inventory levels, monitor stock turnover rates, and predict future supply needs.",https://github.com/uniguide/inventory-dashboard
Environmental Science,Carbon Footprint Calculator,Beginner,A web tool for users to estimate their annual CO2 emissions.,16,"Python, SQL",A web application that allows users to calculate their environmental impact based on their lifestyle choices and provides tips for reduction.,https://github.com/uniguide/carbon-calc
Medical,Telemedicine Appointment Portal,Intermediate,A platform connecting patients with doctors for video consultations.,12,"React, Node.js","A healthcare platform that enables patients to book appointments, consult with doctors via secure video calls, and access digital prescriptions.",https://github.com/uniguide/telemedicine-portal
Computer Science,Personal Budget Tracker,Beginner,A simple web app to track daily expenses and visualize savings.,4,"Arduino, C++","A user-friendly web application designed to help individuals track their income and expenses, set savings goals, and visualize their spending habits through interactive charts.",https://github.com/uniguide/budget-tracker
Computer Science,Real-time Chat Application,Intermediate,A socket-based application for instant messaging between users.,8,"Machine Learning, Flask","A high-performance chat system supporting instant messaging, file sharing, and group chats using WebSockets for low-latency communication.",https://github.com/uniguide/realtime-chat
Commerce,Personal Tax Planner,Beginner,A calculator to help individuals optimize their tax savings.,12,"React, Node.js","A financial tool that helps users calculate their income tax, explore various tax-saving investments, and plan their annual finances more effectively.",https://github.com/uniguide/tax-planner
UPSC,Public Policy Impact Tracker,Intermediate,A data visualization tool for government scheme results.,8,"React, Node.js",A data visualization dashboard that tracks the progress and socio-economic impact of various government schemes across different Indian states.,https://github.com/uniguide/policy-tracker
Robotics,Obstacle Avoiding Robot,Beginner,A basic rover using ultrasonic sensors to navigate.,12,"Machine Learning, Flask",An autonomous mobile robot project that uses ultrasonic sensors to navigate its environment and avoid collisions with objects.,https://github.com/uniguide/obstacle-avoiding-robot
Law,Online Dispute Resolution Portal,Intermediate,A platform for mediation and settlement between parties.,16,"Python, SQL",A digital platform that facilitates mediation and negotiation between conflicting parties to reach legal settlements outside of traditional courtrooms.,https://github.com/uniguide/dispute-resolution
Hotel Management,Automated Room Service App,Intermediate,A mobile portal for guests to order food or request cleaning.,16,"Arduino, C++","A guest-facing app for hotels that allows customers to browse menus, order food, and request housekeeping services directly from their smartphones.",https://github.com/uniguide/hotel-room-service
Design,AI Logo Generator,Advanced,A tool that suggests logo designs based on keywords.,12,"Python, SQL","A tool that uses generative AI to create unique brand logos based on a user's company name, industry, and preferred aesthetic style.",https://github.com/uniguide/ai-logo-gen
Computer Science,AI-Based Career Roadmap Generator,Advanced,An NLP-based tool that suggests learning paths based on user skills.,8,"Python, SQL","A comprehensive system using machine learning to analyze a user's current skill set and generate a step-by-step learning path to reach a specific career goal, including recommended courses and projects.",https://github.com/uniguide/ai-career-roadmap
Hotel Management,Hotel Sustainability Audit,Beginner,A checklist and report generator for eco-friendly hotel practices.,16,"Machine Learning, Flask","A tool for hotel managers to assess their property's environmental impact across energy, water, and waste, providing suggestions for greener operations.",https://github.com/uniguide/hotel-sustainability
Robotics,Line Follower Robot,Beginner,A robot that follows a black line on a white surface.,4,"React, Node.js","A fundamental robotics project that uses IR sensors to follow a pre-defined path, commonly used as a starting point for learning autonomous navigation.",https://github.com/uniguide/line-follower
Pharmacy,Online Pharmacy Management,Intermediate,An e-commerce platform specifically for prescription and OTC drugs.,12,"React, Node.js","A full-featured e-commerce platform for pharmacies, allowing customers to upload prescriptions and order medications for home delivery.",https://github.com/uniguide/online-pharmacy
Pharmacy,Online Pharmacy Management,Intermediate,An e-commerce platform specifically for prescription and OTC drugs.,12,"React, Node.js","A full-featured e-commerce platform for pharmacies, allowing customers to upload prescriptions and order medications for home delivery.",https://github.com/uniguide/online-pharmacy
Hotel Management,Guest Feedback Analytics,Intermediate,A tool to analyze reviews and suggest service improvements.,16,"React, Node.js",A sentiment analysis tool that aggregates reviews from multiple platforms to help hotel management identify and address service issues.,https://github.com/uniguide/hotel-feedback-analytics
UPSC,Public Policy Impact Tracker,Intermediate,A data visualization tool for government scheme results.,16,"Arduino, C++",A data visualization dashboard that tracks the progress and socio-economic impact of various government schemes across different Indian states.,https://github.com/uniguide/policy-tracker
Information Technology,Automated IT Ticketing System,Intermediate,A portal for employees to raise and track technical support issues.,12,"Python, SQL","An enterprise-level portal for managing IT support requests, featuring automated ticket routing, priority levels, and detailed resolution tracking.",https://github.com/uniguide/it-ticketing
UPSC,State-wise Resource Map,Intermediate,"An interactive map showing crops, minerals, and industries by state.",4,"Python, SQL","An interactive geographical map showing the distribution of natural resources, key industries, and agricultural output across all Indian states.",https://github.com/uniguide/resource-map
Law,Cyber Law Awareness Bot,Beginner,A chatbot that answers basic questions about internet laws.,16,"Machine Learning, Flask","A conversational AI designed to educate users about digital rights, privacy laws, and the legal consequences of various cyber activities.",https://github.com/uniguide/cyber-law-bot
Education,Gamified Learning Platform,Intermediate,A website that teaches math or science through mini-games.,12,"React, Node.js","A web-based platform that uses game mechanics like points, badges, and leaderboards to teach academic subjects in a more engaging way.",https://github.com/uniguide/gamified-learning
Robotics,Gesture-Controlled Robotic Arm,Advanced,An arm that mimics human hand movements using sensors.,4,"React, Node.js",A sophisticated robotic project where an arm mimics the hand movements of a human operator wearing specialized sensor-equipped gloves.,https://github.com/uniguide/gesture-robot-arm
Law,AI Legal Document Summarizer,Advanced,A tool that condenses long legal papers into key points.,4,"Python, SQL","An NLP-based application that processes long, complex legal documents and extracts the most critical points, saving time for legal professionals.",https://github.com/uniguide/legal-summarizer
Robotics,Line Follower Robot,Beginner,A robot that follows a black line on a white surface.,8,"Arduino, C++","A fundamental robotics project that uses IR sensors to follow a pre-defined path, commonly used as a starting point for learning autonomous navigation.",https://github.com/uniguide/line-follower
Law,Trademark Search Engine,Intermediate,A database search tool to check for existing business names.,8,"Python, SQL",A database tool for businesses to check the availability of brand names and logos against existing trademark registrations to avoid legal issues.,https://github.com/uniguide/trademark-search
Education,Student Attendance via Face Recognition,Advanced,Using a camera to log student presence automatically.,12,"React, Node.js",A smart classroom solution that uses facial recognition technology to automatically log student attendance and generate daily reports.,https://github.com/uniguide/face-attendance
UPSC,Public Policy Impact Tracker,Intermediate,A data visualization tool for government scheme results.,16,"Arduino, C++",A data visualization dashboard that tracks the progress and socio-economic impact of various government schemes across different Indian states.,https://github.com/uniguide/policy-tracker
Commerce,Personal Tax Planner,Beginner,A calculator to help individuals optimize their tax savings.,4,"Python, SQL","A financial tool that helps users calculate their income tax, explore various tax-saving investments, and plan their annual finances more effectively.",https://github.com/uniguide/tax-planner
Robotics,Line Follower Robot,Beginner,A robot that follows a black line on a white surface.,8,"Arduino, C++","A fundamental robotics project that uses IR sensors to follow a pre-defined path, commonly used as a starting point for learning autonomous navigation.",https://github.com/uniguide/line-follower
Education,Gamified Learning Platform,Intermediate,A website that teaches math or science through mini-games.,4,"Python, SQL","A web-based platform that uses game mechanics like points, badges, and leaderboards to teach academic subjects in a more engaging way.",https://github.com/uniguide/gamified-learning
Medical,Hospital Patient Record Management,Beginner,A database system to securely store and retrieve patient history.,16,"Python, SQL","A secure electronic health record (EHR) system for hospitals to maintain patient history, lab results, and medication records in a centralized database.",https://github.com/uniguide/hospital-records
Design,AR Furniture Placer,Advanced,An app that lets users see how furniture looks in their room via AR.,8,"Machine Learning, Flask",An augmented reality application that lets users visualize how furniture items would look and fit in their actual living space using a smartphone camera.,https://github.com/uniguide/ar-furniture
Environmental Science,Carbon Footprint Calculator,Beginner,A web tool for users to estimate their annual CO2 emissions.,4,"Arduino, C++",A web application that allows users to calculate their environmental impact based on their lifestyle choices and provides tips for reduction.,https://github.com/uniguide/carbon-calc
Hotel Management,Automated Room Service App,Intermediate,A mobile portal for guests to order food or request cleaning.,16,"React, Node.js","A guest-facing app for hotels that allows customers to browse menus, order food, and request housekeeping services directly from their smartphones.",https://github.com/uniguide/hotel-room-service
Computer Science,Blockchain E-Voting System,Advanced,"A secure, decentralized voting platform to prevent tampering.",4,"Python, SQL","A decentralized voting platform that leverages blockchain technology to ensure transparency, security, and immutability of votes, preventing any form of electoral fraud.",https://github.com/uniguide/blockchain-evoting
UPSC,Interactive Indian Constitution App,Beginner,A searchable guide to all articles and amendments.,8,"React, Node.js","An educational app providing the full text of the Indian Constitution with expert commentary, case studies, and easy-to-use search features.",https://github.com/uniguide/constitution-app
Law,AI Legal Document Summarizer,Advanced,A tool that condenses long legal papers into key points.,8,"React, Node.js","An NLP-based application that processes long, complex legal documents and extracts the most critical points, saving time for legal professionals.",https://github.com/uniguide/legal-summarizer
Banking,Fraud Detection in Credit Cards,Advanced,A machine learning model to flag unusual transaction patterns.,12,"Python, SQL",A machine learning project that analyzes transaction patterns to detect and flag fraudulent activities in real-time to protect cardholders.,https://github.com/uniguide/fraud-detection
Hotel Management,Hotel Sustainability Audit,Beginner,A checklist and report generator for eco-friendly hotel practices.,8,"Arduino, C++","A tool for hotel managers to assess their property's environmental impact across energy, water, and waste, providing suggestions for greener operations.",https://github.com/uniguide/hotel-sustainability
Computer Science,Blockchain E-Voting System,Advanced,"A secure, decentralized voting platform to prevent tampering.",16,"Machine Learning, Flask","A decentralized voting platform that leverages blockchain technology to ensure transparency, security, and immutability of votes, preventing any form of electoral fraud.",https://github.com/uniguide/blockchain-evoting
Management,Employee Performance Tracker,Beginner,A portal for HR to log KPIs and performance reviews.,12,"Machine Learning, Flask","A human resources tool that logs key performance indicators (KPIs), tracks project milestones, and generates performance reports for employees.",https://github.com/uniguide/performance-tracker
Computer Science,Personal Budget Tracker,Beginner,A simple web app to track daily expenses and visualize savings.,8,"Machine Learning, Flask","A user-friendly web application designed to help individuals track their income and expenses, set savings goals, and visualize their spending habits through interactive charts.",https://github.com/uniguide/budget-tracker
Robotics,Gesture-Controlled Robotic Arm,Advanced,An arm that mimics human hand movements using sensors.,16,"Machine Learning, Flask",A sophisticated robotic project where an arm mimics the hand movements of a human operator wearing specialized sensor-equipped gloves.,https://github.com/uniguide/gesture-robot-arm
Environmental Science,Plastic Waste Tracking App,Intermediate,A community app to log and locate recycling centers.,16,"Arduino, C++","A community-based app to track plastic waste generation, locate nearby recycling points, and earn rewards for sustainable disposal.",https://github.com/uniguide/plastic-tracker
Law,Cyber Law Awareness Bot,Beginner,A chatbot that answers basic questions about internet laws.,8,"Arduino, C++","A conversational AI designed to educate users about digital rights, privacy laws, and the legal consequences of various cyber activities.",https://github.com/uniguide/cyber-law-bot
Environmental Science,Air Quality Monitoring Station,Intermediate,Using sensors to measure and display local AQI levels.,12,"Python, SQL","An IoT hardware project that measures local air pollutants (PM2.5, CO2) and displays the Air Quality Index (AQI) on a public web dashboard.",https://github.com/uniguide/aqi-monitor
Hotel Management,Automated Room Service App,Intermediate,A mobile portal for guests to order food or request cleaning.,8,"Arduino, C++","A guest-facing app for hotels that allows customers to browse menus, order food, and request housekeeping services directly from their smartphones.",https://github.com/uniguide/hotel-room-service
Information Technology,Virtual Private Network (VPN) Tool,Advanced,A custom VPN implementation for secure data tunneling.,16,"React, Node.js",A custom VPN client and server implementation that encrypts internet traffic and masks user IP addresses to ensure online privacy and security.,https://github.com/uniguide/vpn-tool
Civil Engineering,Bridge Load Analysis Tool,Intermediate,A simulation tool to test bridge durability under various weights.,8,"Arduino, C++",An engineering simulation software that evaluates the structural integrity of bridges under varying load conditions to ensure safety and durability.,https://github.com/uniguide/bridge-analysis
Computer Science,Real-time Chat Application,Intermediate,A socket-based application for instant messaging between users.,12,"Machine Learning, Flask","A high-performance chat system supporting instant messaging, file sharing, and group chats using WebSockets for low-latency communication.",https://github.com/uniguide/realtime-chat
Education,Gamified Learning Platform,Intermediate,A website that teaches math or science through mini-games.,8,"Python, SQL","A web-based platform that uses game mechanics like points, badges, and leaderboards to teach academic subjects in a more engaging way.",https://github.com/uniguide/gamified-learning
Pharmacy,Herbal Medicine Knowledge Base,Beginner,An informative portal about various medicinal plants and uses.,8,"Machine Learning, Flask","An educational resource providing detailed information on medicinal plants, their active compounds, benefits, and traditional uses.",https://github.com/uniguide/herbal-medicine-db
Information Technology,Automated IT Ticketing System,Intermediate,A portal for employees to raise and track technical support issues.,8,"Arduino, C++","An enterprise-level portal for managing IT support requests, featuring automated ticket routing, priority levels, and detailed resolution tracking.",https://github.com/uniguide/it-ticketing
Medical,Fitness and Nutrition Tracker,Beginner,An app that calculates BMI and suggests diet plans.,4,"Python, SQL","An integrated mobile app for logging daily workouts, tracking calorie intake, and providing personalized health tips based on user goals.",https://github.com/uniguide/fitness-nutrition
Agriculture,Crop Disease Identification App,Advanced,Using leaf images to detect pests or diseases in crops.,8,"Arduino, C++",An AI-powered mobile application that allows farmers to take photos of crops and receive instant diagnosis and treatment recommendations for diseases.,https://github.com/uniguide/crop-disease-id
Pharmacy,Drug Interaction Checker,Advanced,A database-driven tool to check if two medications react poorly.,16,"Python, SQL",A clinical tool that cross-references a database of medications to identify and warn users about potentially dangerous interactions between different drugs.,https://github.com/uniguide/drug-interaction-checker
Computer Science,Real-time Chat Application,Intermediate,A socket-based application for instant messaging between users.,8,"Arduino, C++","A high-performance chat system supporting instant messaging, file sharing, and group chats using WebSockets for low-latency communication.",https://github.com/uniguide/realtime-chat
Law,Online Dispute Resolution Portal,Intermediate,A platform for mediation and settlement between parties.,12,"React, Node.js",A digital platform that facilitates mediation and negotiation between conflicting parties to reach legal settlements outside of traditional courtrooms.,https://github.com/uniguide/dispute-resolution
Management,Agile Project Management Tool,Intermediate,A Kanban-style task manager for software development teams.,4,"Machine Learning, Flask","A collaboration platform for software teams featuring Kanban boards, sprint planning, and progress tracking using burndown charts.",https://github.com/uniguide/agile-pm-tool
Information Technology,Automated IT Ticketing System,Intermediate,A portal for employees to raise and track technical support issues.,12,"Machine Learning, Flask","An enterprise-level portal for managing IT support requests, featuring automated ticket routing, priority levels, and detailed resolution tracking.",https://github.com/uniguide/it-ticketing
UPSC,Interactive Indian Constitution App,Beginner,A searchable guide to all articles and amendments.,8,"React, Node.js","An educational app providing the full text of the Indian Constitution with expert commentary, case studies, and easy-to-use search features.",https://github.com/uniguide/constitution-app
Pharmacy,Medicine Expiry Alert System,Intermediate,A tracker that notifies pharmacists when stock is near expiration.,16,"Python, SQL",An inventory management solution for pharmacies that sends automated alerts when medications are approaching their expiration dates to prevent waste.,https://github.com/uniguide/medicine-expiry-alert
Information Technology,Cloud-Based File Storage System,Intermediate,A private cloud storage service similar to Dropbox using AWS/Azure.,12,"Machine Learning, Flask","A scalable cloud storage service that allows users to upload, manage, and share files securely from any device, featuring end-to-end encryption.",https://github.com/uniguide/cloud-storage
Banking,Fraud Detection in Credit Cards,Advanced,A machine learning model to flag unusual transaction patterns.,12,"Machine Learning, Flask",A machine learning project that analyzes transaction patterns to detect and flag fraudulent activities in real-time to protect cardholders.,https://github.com/uniguide/fraud-detection
UPSC,State-wise Resource Map,Intermediate,"An interactive map showing crops, minerals, and industries by state.",8,"Machine Learning, Flask","An interactive geographical map showing the distribution of natural resources, key industries, and agricultural output across all Indian states.",https://github.com/uniguide/resource-map
Law,Trademark Search Engine,Intermediate,A database search tool to check for existing business names.,16,"Arduino, C++",A database tool for businesses to check the availability of brand names and logos against existing trademark registrations to avoid legal issues.,https://github.com/uniguide/trademark-search
Agriculture,E-Marketplace for Farmers,Intermediate,A direct-to-consumer platform to sell fresh produce.,16,"React, Node.js","A direct-to-consumer digital marketplace that eliminates middlemen, allowing farmers to sell their produce directly to retail customers for better profits.",https://github.com/uniguide/farmer-marketplace
Law,Trademark Search Engine,Intermediate,A database search tool to check for existing business names.,4,"Machine Learning, Flask",A database tool for businesses to check the availability of brand names and logos against existing trademark registrations to avoid legal issues.,https://github.com/uniguide/trademark-search
Management,Inventory Management Dashboard,Intermediate,"A tool to track stock levels, orders, and sales trends.",12,"Arduino, C++","An analytics-driven dashboard for businesses to track inventory levels, monitor stock turnover rates, and predict future supply needs.",https://github.com/uniguide/inventory-dashboard
Design,Personal Branding Portfolio,Beginner,A high-end responsive website to showcase creative work.,12,"React, Node.js","A professionally designed web portfolio to showcase a designer's creative work, including case studies, skill visualizations, and contact information.",https://github.com/uniguide/design-portfolio
Commerce,GST Billing Software,Intermediate,A simple tool to generate tax-compliant invoices for small businesses.,4,"Arduino, C++",A cloud-based billing application designed for small businesses to generate GST-compliant invoices and track tax liabilities automatically.,https://github.com/uniguide/gst-billing
Pharmacy,Online Pharmacy Management,Intermediate,An e-commerce platform specifically for prescription and OTC drugs.,8,"Machine Learning, Flask","A full-featured e-commerce platform for pharmacies, allowing customers to upload prescriptions and order medications for home delivery.",https://github.com/uniguide/online-pharmacy
Information Technology,Cloud-Based File Storage System,Intermediate,A private cloud storage service similar to Dropbox using AWS/Azure.,16,"Python, SQL","A scalable cloud storage service that allows users to upload, manage, and share files securely from any device, featuring end-to-end encryption.",https://github.com/uniguide/cloud-storage
Medical,Telemedicine Appointment Portal,Intermediate,A platform connecting patients with doctors for video consultations.,4,"Machine Learning, Flask","A healthcare platform that enables patients to book appointments, consult with doctors via secure video calls, and access digital prescriptions.",https://github.com/uniguide/telemedicine-portal
Law,Online Dispute Resolution Portal,Intermediate,A platform for mediation and settlement between parties.,12,"Python, SQL",A digital platform that facilitates mediation and negotiation between conflicting parties to reach legal settlements outside of traditional courtrooms.,https://github.com/uniguide/dispute-resolution
Media,Digital Magazine for Students,Beginner,A CMS-based site for student journalism and articles.,12,"Arduino, C++","A collaborative online publishing platform for student journalists to write, edit, and publish articles on campus news and global topics.",https://github.com/uniguide/student-magazine
Law,Cyber Law Awareness Bot,Beginner,A chatbot that answers basic questions about internet laws.,12,"React, Node.js","A conversational AI designed to educate users about digital rights, privacy laws, and the legal consequences of various cyber activities.",https://github.com/uniguide/cyber-law-bot
UPSC,Current Affairs Quiz Portal,Beginner,A daily updated quiz system for competitive exam prep.,8,"Machine Learning, Flask",A dynamic quiz platform that updates daily with the latest news and current affairs to help students prepare for competitive civil service exams.,https://github.com/uniguide/current-affairs-quiz
Commerce,E-Commerce Sales Predictor,Advanced,Using historical data to predict peak sales seasons.,12,"Arduino, C++",A time-series forecasting model that helps online retailers predict sales volume for different seasons to optimize inventory and marketing.,https://github.com/uniguide/ecommerce-sales-predictor
Information Technology,Cloud-Based File Storage System,Intermediate,A private cloud storage service similar to Dropbox using AWS/Azure.,8,"Machine Learning, Flask","A scalable cloud storage service that allows users to upload, manage, and share files securely from any device, featuring end-to-end encryption.",https://github.com/uniguide/cloud-storage
Education,Adaptive Learning System,Advanced,A platform that changes difficulty based on student performance.,8,"Python, SQL",An intelligent educational platform that monitors a student's performance and automatically adjusts the difficulty level of the content to match their pace.,https://github.com/uniguide/adaptive-learning
Medical,Telemedicine Appointment Portal,Intermediate,A platform connecting patients with doctors for video consultations.,8,"Python, SQL","A healthcare platform that enables patients to book appointments, consult with doctors via secure video calls, and access digital prescriptions.",https://github.com/uniguide/telemedicine-portal
Information Technology,Cloud-Based File Storage System,Intermediate,A private cloud storage service similar to Dropbox using AWS/Azure.,16,"Machine Learning, Flask","A scalable cloud storage service that allows users to upload, manage, and share files securely from any device, featuring end-to-end encryption.",https://github.com/uniguide/cloud-storage
Environmental Science,Plastic Waste Tracking App,Intermediate,A community app to log and locate recycling centers.,12,"Machine Learning, Flask","A community-based app to track plastic waste generation, locate nearby recycling points, and earn rewards for sustainable disposal.",https://github.com/uniguide/plastic-tracker
Banking,Digital Wallet Application,Intermediate,A secure mobile payment system using QR codes.,4,"Arduino, C++","A secure mobile payment app that supports peer-to-peer transfers, bill payments, and QR code-based merchant transactions.",https://github.com/uniguide/digital-wallet
Information Technology,Virtual Private Network (VPN) Tool,Advanced,A custom VPN implementation for secure data tunneling.,4,"Machine Learning, Flask",A custom VPN client and server implementation that encrypts internet traffic and masks user IP addresses to ensure online privacy and security.,https://github.com/uniguide/vpn-tool
Media,Podcast Hosting Platform,Intermediate,"A portal to upload, manage, and stream audio content.",4,"Arduino, C++","A comprehensive service for creators to upload, host, and distribute podcast episodes to major streaming platforms with built-in listener analytics.",https://github.com/uniguide/podcast-hosting
Environmental Science,Plastic Waste Tracking App,Intermediate,A community app to log and locate recycling centers.,8,"Machine Learning, Flask","A community-based app to track plastic waste generation, locate nearby recycling points, and earn rewards for sustainable disposal.",https://github.com/uniguide/plastic-tracker
Law,Trademark Search Engine,Intermediate,A database search tool to check for existing business names.,16,"Python, SQL",A database tool for businesses to check the availability of brand names and logos against existing trademark registrations to avoid legal issues.,https://github.com/uniguide/trademark-search
Education,Adaptive Learning System,Advanced,A platform that changes difficulty based on student performance.,4,"Python, SQL",An intelligent educational platform that monitors a student's performance and automatically adjusts the difficulty level of the content to match their pace.,https://github.com/uniguide/adaptive-learning
Computer Science,Blockchain E-Voting System,Advanced,"A secure, decentralized voting platform to prevent tampering.",8,"React, Node.js","A decentralized voting platform that leverages blockchain technology to ensure transparency, security, and immutability of votes, preventing any form of electoral fraud.",https://github.com/uniguide/blockchain-evoting
Computer Science,Real-time Chat Application,Intermediate,A socket-based application for instant messaging between users.,12,"React, Node.js","A high-performance chat system supporting instant messaging, file sharing, and group chats using WebSockets for low-latency communication.",https://github.com/uniguide/realtime-chat
Pharmacy,Drug Interaction Checker,Advanced,A database-driven tool to check if two medications react poorly.,16,"Python, SQL",A clinical tool that cross-references a database of medications to identify and warn users about potentially dangerous interactions between different drugs.,https://github.com/uniguide/drug-interaction-checker
Computer Science,AI-Based Career Roadmap Generator,Advanced,An NLP-based tool that suggests learning paths based on user skills.,12,"Machine Learning, Flask","A comprehensive system using machine learning to analyze a user's current skill set and generate a step-by-step learning path to reach a specific career goal, including recommended courses and projects.",https://github.com/uniguide/ai-career-roadmap
Medical,Hospital Patient Record Management,Beginner,A database system to securely store and retrieve patient history.,16,"React, Node.js","A secure electronic health record (EHR) system for hospitals to maintain patient history, lab results, and medication records in a centralized database.",https://github.com/uniguide/hospital-records
Commerce,E-Commerce Sales Predictor,Advanced,Using historical data to predict peak sales seasons.,8,"Machine Learning, Flask",A time-series forecasting model that helps online retailers predict sales volume for different seasons to optimize inventory and marketing.,https://github.com/uniguide/ecommerce-sales-predictor
Agriculture,IoT-Based Smart Irrigation System,Intermediate,A system that waters crops based on soil moisture sensor data.,4,"Python, SQL",An automated farming solution that uses soil moisture and weather sensors to optimize water usage by irrigating fields only when necessary.,https://github.com/uniguide/smart-irrigation
Education,Adaptive Learning System,Advanced,A platform that changes difficulty based on student performance.,12,"React, Node.js",An intelligent educational platform that monitors a student's performance and automatically adjusts the difficulty level of the content to match their pace.,https://github.com/uniguide/adaptive-learning
Design,AI Logo Generator,Advanced,A tool that suggests logo designs based on keywords.,16,"Python, SQL","A tool that uses generative AI to create unique brand logos based on a user's company name, industry, and preferred aesthetic style.",https://github.com/uniguide/ai-logo-gen
Civil Engineering,Low-Cost Housing Design,Intermediate,A 3D model project focusing on sustainable and affordable materials.,12,"Machine Learning, Flask",An architecture project focused on using sustainable and affordable materials to design high-quality housing for low-income populations.,https://github.com/uniguide/low-cost-housing
Agriculture,E-Marketplace for Farmers,Intermediate,A direct-to-consumer platform to sell fresh produce.,16,"Python, SQL","A direct-to-consumer digital marketplace that eliminates middlemen, allowing farmers to sell their produce directly to retail customers for better profits.",https://github.com/uniguide/farmer-marketplace
Hotel Management,Hotel Sustainability Audit,Beginner,A checklist and report generator for eco-friendly hotel practices.,12,"Python, SQL","A tool for hotel managers to assess their property's environmental impact across energy, water, and waste, providing suggestions for greener operations.",https://github.com/uniguide/hotel-sustainability
Medical,Hospital Patient Record Management,Beginner,A database system to securely store and retrieve patient history.,8,"Arduino, C++","A secure electronic health record (EHR) system for hospitals to maintain patient history, lab results, and medication records in a centralized database.",https://github.com/uniguide/hospital-records
Banking,Loan Eligibility Calculator,Beginner,A tool that predicts loan approval based on credit score and income.,4,"Python, SQL","A predictive tool for banking customers to estimate their chances of loan approval based on their credit score, income, and other financial parameters.",https://github.com/uniguide/loan-eligibility
Agriculture,Crop Disease Identification App,Advanced,Using leaf images to detect pests or diseases in crops.,4,"Machine Learning, Flask",An AI-powered mobile application that allows farmers to take photos of crops and receive instant diagnosis and treatment recommendations for diseases.,https://github.com/uniguide/crop-disease-id
Commerce,Personal Tax Planner,Beginner,A calculator to help individuals optimize their tax savings.,16,"Arduino, C++","A financial tool that helps users calculate their income tax, explore various tax-saving investments, and plan their annual finances more effectively.",https://github.com/uniguide/tax-planner
Banking,Digital Wallet Application,Intermediate,A secure mobile payment system using QR codes.,16,"Machine Learning, Flask","A secure mobile payment app that supports peer-to-peer transfers, bill payments, and QR code-based merchant transactions.",https://github.com/uniguide/digital-wallet
Agriculture,E-Marketplace for Farmers,Intermediate,A direct-to-consumer platform to sell fresh produce.,16,"Arduino, C++","A direct-to-consumer digital marketplace that eliminates middlemen, allowing farmers to sell their produce directly to retail customers for better profits.",https://github.com/uniguide/farmer-marketplace
Environmental Science,Plastic Waste Tracking App,Intermediate,A community app to log and locate recycling centers.,8,"Arduino, C++","A community-based app to track plastic waste generation, locate nearby recycling points, and earn rewards for sustainable disposal.",https://github.com/uniguide/plastic-tracker
Education,Student Attendance via Face Recognition,Advanced,Using a camera to log student presence automatically.,4,"React, Node.js",A smart classroom solution that uses facial recognition technology to automatically log student attendance and generate daily reports.,https://github.com/uniguide/face-attendance
Agriculture,Crop Disease Identification App,Advanced,Using leaf images to detect pests or diseases in crops.,12,"Python, SQL",An AI-powered mobile application that allows farmers to take photos of crops and receive instant diagnosis and treatment recommendations for diseases.,https://github.com/uniguide/crop-disease-id
Education,Gamified Learning Platform,Intermediate,A website that teaches math or science through mini-games.,12,"Machine Learning, Flask","A web-based platform that uses game mechanics like points, badges, and leaderboards to teach academic subjects in a more engaging way.",https://github.com/uniguide/gamified-learning
Design,AI Logo Generator,Advanced,A tool that suggests logo designs based on keywords.,16,"Machine Learning, Flask","A tool that uses generative AI to create unique brand logos based on a user's company name, industry, and preferred aesthetic style.",https://github.com/uniguide/ai-logo-gen
Commerce,GST Billing Software,Intermediate,A simple tool to generate tax-compliant invoices for small businesses.,4,"React, Node.js",A cloud-based billing application designed for small businesses to generate GST-compliant invoices and track tax liabilities automatically.,https://github.com/uniguide/gst-billing
Commerce,Personal Tax Planner,Beginner,A calculator to help individuals optimize their tax savings.,4,"Machine Learning, Flask","A financial tool that helps users calculate their income tax, explore various tax-saving investments, and plan their annual finances more effectively.",https://github.com/uniguide/tax-planner
Banking,Loan Eligibility Calculator,Beginner,A tool that predicts loan approval based on credit score and income.,4,"Machine Learning, Flask","A predictive tool for banking customers to estimate their chances of loan approval based on their credit score, income, and other financial parameters.",https://github.com/uniguide/loan-eligibility
Hotel Management,Guest Feedback Analytics,Intermediate,A tool to analyze reviews and suggest service improvements.,4,"Arduino, C++",A sentiment analysis tool that aggregates reviews from multiple platforms to help hotel management identify and address service issues.,https://github.com/uniguide/hotel-feedback-analytics
Commerce,Personal Tax Planner,Beginner,A calculator to help individuals optimize their tax savings.,12,"React, Node.js","A financial tool that helps users calculate their income tax, explore various tax-saving investments, and plan their annual finances more effectively.",https://github.com/uniguide/tax-planner
Education,Student Attendance via Face Recognition,Advanced,Using a camera to log student presence automatically.,16,"React, Node.js",A smart classroom solution that uses facial recognition technology to automatically log student attendance and generate daily reports.,https://github.com/uniguide/face-attendance
Design,AI Logo Generator,Advanced,A tool that suggests logo designs based on keywords.,16,"React, Node.js","A tool that uses generative AI to create unique brand logos based on a user's company name, industry, and preferred aesthetic style.",https://github.com/uniguide/ai-logo-gen
Law,Online Dispute Resolution Portal,Intermediate,A platform for mediation and settlement between parties.,16,"Arduino, C++",A digital platform that facilitates mediation and negotiation between conflicting parties to reach legal settlements outside of traditional courtrooms.,https://github.com/uniguide/dispute-resolution
Media,Podcast Hosting Platform,Intermediate,"A portal to upload, manage, and stream audio content.",16,"Arduino, C++","A comprehensive service for creators to upload, host, and distribute podcast episodes to major streaming platforms with built-in listener analytics.",https://github.com/uniguide/podcast-hosting
Robotics,Autonomous Delivery Drone,Advanced,A drone programmed to deliver small packages to GPS coordinates.,16,"Python, SQL",A high-end drone project capable of navigating to specific GPS coordinates to deliver small packages without manual pilot intervention.,https://github.com/uniguide/delivery-drone
Design,AR Furniture Placer,Advanced,An app that lets users see how furniture looks in their room via AR.,16,"React, Node.js",An augmented reality application that lets users visualize how furniture items would look and fit in their actual living space using a smartphone camera.,https://github.com/uniguide/ar-furniture
Agriculture,IoT-Based Smart Irrigation System,Intermediate,A system that waters crops based on soil moisture sensor data.,8,"Machine Learning, Flask",An automated farming solution that uses soil moisture and weather sensors to optimize water usage by irrigating fields only when necessary.,https://github.com/uniguide/smart-irrigation
Hotel Management,Guest Feedback Analytics,Intermediate,A tool to analyze reviews and suggest service improvements.,8,"Machine Learning, Flask",A sentiment analysis tool that aggregates reviews from multiple platforms to help hotel management identify and address service issues.,https://github.com/uniguide/hotel-feedback-analytics
Management,Employee Performance Tracker,Beginner,A portal for HR to log KPIs and performance reviews.,16,"Python, SQL","A human resources tool that logs key performance indicators (KPIs), tracks project milestones, and generates performance reports for employees.",https://github.com/uniguide/performance-tracker
Banking,Loan Eligibility Calculator,Beginner,A tool that predicts loan approval based on credit score and income.,4,"Arduino, C++","A predictive tool for banking customers to estimate their chances of loan approval based on their credit score, income, and other financial parameters.",https://github.com/uniguide/loan-eligibility
Information Technology,Automated IT Ticketing System,Intermediate,A portal for employees to raise and track technical support issues.,16,"Arduino, C++","An enterprise-level portal for managing IT support requests, featuring automated ticket routing, priority levels, and detailed resolution tracking.",https://github.com/uniguide/it-ticketing
Management,Employee Performance Tracker,Beginner,A portal for HR to log KPIs and performance reviews.,4,"Arduino, C++","A human resources tool that logs key performance indicators (KPIs), tracks project milestones, and generates performance reports for employees.",https://github.com/uniguide/performance-tracker
Civil Engineering,Rainwater Harvesting Model,Beginner,A blueprint and calculation tool for sustainable water storage.,16,"Python, SQL",A blueprint and calculator for designing efficient rainwater collection systems for residential and commercial buildings to promote water conservation.,https://github.com/uniguide/rainwater-harvesting
Management,Market Sentiment Analysis,Advanced,Using social media data to gauge public opinion on a brand.,8,"Machine Learning, Flask",A data analytics tool that scrapes social media and news data to determine the public's emotional response toward specific brands or products.,https://github.com/uniguide/market-sentiment
Banking,Stock Portfolio Simulator,Intermediate,A virtual trading platform to practice investing with real-time data.,4,"Machine Learning, Flask",A virtual investment platform that uses real-market data to allow users to practice trading and managing a diversified stock portfolio without financial risk.,https://github.com/uniguide/stock-simulator
Media,Podcast Hosting Platform,Intermediate,"A portal to upload, manage, and stream audio content.",4,"Machine Learning, Flask","A comprehensive service for creators to upload, host, and distribute podcast episodes to major streaming platforms with built-in listener analytics.",https://github.com/uniguide/podcast-hosting
Medical,Hospital Patient Record Management,Beginner,A database system to securely store and retrieve patient history.,4,"Python, SQL","A secure electronic health record (EHR) system for hospitals to maintain patient history, lab results, and medication records in a centralized database.",https://github.com/uniguide/hospital-records
Law,Cyber Law Awareness Bot,Beginner,A chatbot that answers basic questions about internet laws.,12,"Python, SQL","A conversational AI designed to educate users about digital rights, privacy laws, and the legal consequences of various cyber activities.",https://github.com/uniguide/cyber-law-bot
Media,Automated Subtitle Generator,Advanced,A tool that transcribes video audio into text in real-time.,8,"React, Node.js",A tool that uses speech-to-text technology to generate highly accurate captions and subtitles for video content in multiple languages.,https://github.com/uniguide/subtitle-generator
Robotics,Gesture-Controlled Robotic Arm,Advanced,An arm that mimics human hand movements using sensors.,16,"Python, SQL",A sophisticated robotic project where an arm mimics the hand movements of a human operator wearing specialized sensor-equipped gloves.,https://github.com/uniguide/gesture-robot-arm
Computer Science,Personal Budget Tracker,Beginner,A simple web app to track daily expenses and visualize savings.,8,"Python, SQL","A user-friendly web application designed to help individuals track their income and expenses, set savings goals, and visualize their spending habits through interactive charts.",https://github.com/uniguide/budget-tracker
Environmental Science,Air Quality Monitoring Station,Intermediate,Using sensors to measure and display local AQI levels.,12,"Arduino, C++","An IoT hardware project that measures local air pollutants (PM2.5, CO2) and displays the Air Quality Index (AQI) on a public web dashboard.",https://github.com/uniguide/aqi-monitor
Education,Adaptive Learning System,Advanced,A platform that changes difficulty based on student performance.,16,"Python, SQL",An intelligent educational platform that monitors a student's performance and automatically adjusts the difficulty level of the content to match their pace.,https://github.com/uniguide/adaptive-learning
UPSC,Interactive Indian Constitution App,Beginner,A searchable guide to all articles and amendments.,16,"Machine Learning, Flask","An educational app providing the full text of the Indian Constitution with expert commentary, case studies, and easy-to-use search features.",https://github.com/uniguide/constitution-app
Management,Inventory Management Dashboard,Intermediate,"A tool to track stock levels, orders, and sales trends.",4,"Machine Learning, Flask","An analytics-driven dashboard for businesses to track inventory levels, monitor stock turnover rates, and predict future supply needs.",https://github.com/uniguide/inventory-dashboard
Hotel Management,Guest Feedback Analytics,Intermediate,A tool to analyze reviews and suggest service improvements.,12,"Arduino, C++",A sentiment analysis tool that aggregates reviews from multiple platforms to help hotel management identify and address service issues.,https://github.com/uniguide/hotel-feedback-analytics
Education,School Management System,Beginner,"A portal for fees, exams, and student records.",16,"React, Node.js","A centralized portal for schools to manage student enrollments, fee collections, exam scheduling, and communication with parents.",https://github.com/uniguide/school-mgmt
Information Technology,Virtual Private Network (VPN) Tool,Advanced,A custom VPN implementation for secure data tunneling.,16,"Arduino, C++",A custom VPN client and server implementation that encrypts internet traffic and masks user IP addresses to ensure online privacy and security.,https://github.com/uniguide/vpn-tool
Banking,Fraud Detection in Credit Cards,Advanced,A machine learning model to flag unusual transaction patterns.,16,"Python, SQL",A machine learning project that analyzes transaction patterns to detect and flag fraudulent activities in real-time to protect cardholders.,https://github.com/uniguide/fraud-detection
Hotel Management,Automated Room Service App,Intermediate,A mobile portal for guests to order food or request cleaning.,16,"Arduino, C++","A guest-facing app for hotels that allows customers to browse menus, order food, and request housekeeping services directly from their smartphones.",https://github.com/uniguide/hotel-room-service
Law,Online Dispute Resolution Portal,Intermediate,A platform for mediation and settlement between parties.,12,"Python, SQL",A digital platform that facilitates mediation and negotiation between conflicting parties to reach legal settlements outside of traditional courtrooms.,https://github.com/uniguide/dispute-resolution
Law,Cyber Law Awareness Bot,Beginner,A chatbot that answers basic questions about internet laws.,4,"React, Node.js","A conversational AI designed to educate users about digital rights, privacy laws, and the legal consequences of various cyber activities.",https://github.com/uniguide/cyber-law-bot
Management,Agile Project Management Tool,Intermediate,A Kanban-style task manager for software development teams.,8,"React, Node.js","A collaboration platform for software teams featuring Kanban boards, sprint planning, and progress tracking using burndown charts.",https://github.com/uniguide/agile-pm-tool
Civil Engineering,Bridge Load Analysis Tool,Intermediate,A simulation tool to test bridge durability under various weights.,4,"Machine Learning, Flask",An engineering simulation software that evaluates the structural integrity of bridges under varying load conditions to ensure safety and durability.,https://github.com/uniguide/bridge-analysis
Education,Gamified Learning Platform,Intermediate,A website that teaches math or science through mini-games.,12,"React, Node.js","A web-based platform that uses game mechanics like points, badges, and leaderboards to teach academic subjects in a more engaging way.",https://github.com/uniguide/gamified-learning
Pharmacy,Medicine Expiry Alert System,Intermediate,A tracker that notifies pharmacists when stock is near expiration.,12,"Arduino, C++",An inventory management solution for pharmacies that sends automated alerts when medications are approaching their expiration dates to prevent waste.,https://github.com/uniguide/medicine-expiry-alert
Robotics,Obstacle Avoiding Robot,Beginner,A basic rover using ultrasonic sensors to navigate.,12,"Arduino, C++",An autonomous mobile robot project that uses ultrasonic sensors to navigate its environment and avoid collisions with objects.,https://github.com/uniguide/obstacle-avoiding-robot
Hotel Management,Guest Feedback Analytics,Intermediate,A tool to analyze reviews and suggest service improvements.,12,"React, Node.js",A sentiment analysis tool that aggregates reviews from multiple platforms to help hotel management identify and address service issues.,https://github.com/uniguide/hotel-feedback-analytics
Medical,Fitness and Nutrition Tracker,Beginner,An app that calculates BMI and suggests diet plans.,12,"Arduino, C++","An integrated mobile app for logging daily workouts, tracking calorie intake, and providing personalized health tips based on user goals.",https://github.com/uniguide/fitness-nutrition
Education,Adaptive Learning System,Advanced,A platform that changes difficulty based on student performance.,8,"Arduino, C++",An intelligent educational platform that monitors a student's performance and automatically adjusts the difficulty level of the content to match their pace.,https://github.com/uniguide/adaptive-learning
Medical,Telemedicine Appointment Portal,Intermediate,A platform connecting patients with doctors for video consultations.,4,"Machine Learning, Flask","A healthcare platform that enables patients to book appointments, consult with doctors via secure video calls, and access digital prescriptions.",https://github.com/uniguide/telemedicine-portal
Design,Sustainable Fashion Catalog,Intermediate,A digital magazine focusing on eco-friendly clothing brands.,4,"Python, SQL","A digital platform showcasing clothing made from eco-friendly materials, providing details on ethical sourcing and the environmental impact of fashion.",https://github.com/uniguide/sustainable-fashion
Law,Cyber Law Awareness Bot,Beginner,A chatbot that answers basic questions about internet laws.,4,"Machine Learning, Flask","A conversational AI designed to educate users about digital rights, privacy laws, and the legal consequences of various cyber activities.",https://github.com/uniguide/cyber-law-bot
Commerce,E-Commerce Sales Predictor,Advanced,Using historical data to predict peak sales seasons.,4,"Machine Learning, Flask",A time-series forecasting model that helps online retailers predict sales volume for different seasons to optimize inventory and marketing.,https://github.com/uniguide/ecommerce-sales-predictor
Information Technology,Network Intrusion Detection System,Advanced,A tool to monitor network traffic and flag suspicious activities.,8,"Machine Learning, Flask",A sophisticated security tool that monitors network traffic in real-time to detect and alert administrators of potential cyber-attacks and unauthorized access attempts.,https://github.com/uniguide/nids-security
Civil Engineering,Smart Traffic Management System,Advanced,Using sensors/AI to optimize traffic light timings and reduce congestion.,4,"Python, SQL",An AI-driven traffic control system that uses real-time camera feeds to adjust signal timings and reduce urban traffic congestion.,https://github.com/uniguide/smart-traffic
Law,Trademark Search Engine,Intermediate,A database search tool to check for existing business names.,8,"Python, SQL",A database tool for businesses to check the availability of brand names and logos against existing trademark registrations to avoid legal issues.,https://github.com/uniguide/trademark-search
Robotics,Gesture-Controlled Robotic Arm,Advanced,An arm that mimics human hand movements using sensors.,12,"Python, SQL",A sophisticated robotic project where an arm mimics the hand movements of a human operator wearing specialized sensor-equipped gloves.,https://github.com/uniguide/gesture-robot-arm
Hotel Management,Automated Room Service App,Intermediate,A mobile portal for guests to order food or request cleaning.,16,"React, Node.js","A guest-facing app for hotels that allows customers to browse menus, order food, and request housekeeping services directly from their smartphones.",https://github.com/uniguide/hotel-room-service
Design,AR Furniture Placer,Advanced,An app that lets users see how furniture looks in their room via AR.,8,"Arduino, C++",An augmented reality application that lets users visualize how furniture items would look and fit in their actual living space using a smartphone camera.,https://github.com/uniguide/ar-furniture
Pharmacy,Medicine Expiry Alert System,Intermediate,A tracker that notifies pharmacists when stock is near expiration.,4,"Arduino, C++",An inventory management solution for pharmacies that sends automated alerts when medications are approaching their expiration dates to prevent waste.,https://github.com/uniguide/medicine-expiry-alert
Management,Agile Project Management Tool,Intermediate,A Kanban-style task manager for software development teams.,12,"React, Node.js","A collaboration platform for software teams featuring Kanban boards, sprint planning, and progress tracking using burndown charts.",https://github.com/uniguide/agile-pm-tool
Robotics,Gesture-Controlled Robotic Arm,Advanced,An arm that mimics human hand movements using sensors.,4,"Arduino, C++",A sophisticated robotic project where an arm mimics the hand movements of a human operator wearing specialized sensor-equipped gloves.,https://github.com/uniguide/gesture-robot-arm
UPSC,Public Policy Impact Tracker,Intermediate,A data visualization tool for government scheme results.,8,"Arduino, C++",A data visualization dashboard that tracks the progress and socio-economic impact of various government schemes across different Indian states.,https://github.com/uniguide/policy-tracker
Robotics,Obstacle Avoiding Robot,Beginner,A basic rover using ultrasonic sensors to navigate.,16,"Machine Learning, Flask",An autonomous mobile robot project that uses ultrasonic sensors to navigate its environment and avoid collisions with objects.,https://github.com/uniguide/obstacle-avoiding-robot
Information Technology,Automated IT Ticketing System,Intermediate,A portal for employees to raise and track technical support issues.,12,"Arduino, C++","An enterprise-level portal for managing IT support requests, featuring automated ticket routing, priority levels, and detailed resolution tracking.",https://github.com/uniguide/it-ticketing
Pharmacy,Drug Interaction Checker,Advanced,A database-driven tool to check if two medications react poorly.,4,"React, Node.js",A clinical tool that cross-references a database of medications to identify and warn users about potentially dangerous interactions between different drugs.,https://github.com/uniguide/drug-interaction-checker
Civil Engineering,Rainwater Harvesting Model,Beginner,A blueprint and calculation tool for sustainable water storage.,12,"Python, SQL",A blueprint and calculator for designing efficient rainwater collection systems for residential and commercial buildings to promote water conservation.,https://github.com/uniguide/rainwater-harvesting
Civil Engineering,Bridge Load Analysis Tool,Intermediate,A simulation tool to test bridge durability under various weights.,16,"React, Node.js",An engineering simulation software that evaluates the structural integrity of bridges under varying load conditions to ensure safety and durability.,https://github.com/uniguide/bridge-analysis
Banking,Loan Eligibility Calculator,Beginner,A tool that predicts loan approval based on credit score and income.,8,"React, Node.js","A predictive tool for banking customers to estimate their chances of loan approval based on their credit score, income, and other financial parameters.",https://github.com/uniguide/loan-eligibility
Media,Digital Magazine for Students,Beginner,A CMS-based site for student journalism and articles.,12,"React, Node.js","A collaborative online publishing platform for student journalists to write, edit, and publish articles on campus news and global topics.",https://github.com/uniguide/student-magazine
Management,Agile Project Management Tool,Intermediate,A Kanban-style task manager for software development teams.,16,"React, Node.js","A collaboration platform for software teams featuring Kanban boards, sprint planning, and progress tracking using burndown charts.",https://github.com/uniguide/agile-pm-tool
Banking,Fraud Detection in Credit Cards,Advanced,A machine learning model to flag unusual transaction patterns.,4,"Python, SQL",A machine learning project that analyzes transaction patterns to detect and flag fraudulent activities in real-time to protect cardholders.,https://github.com/uniguide/fraud-detection
Banking,Loan Eligibility Calculator,Beginner,A tool that predicts loan approval based on credit score and income.,16,"Machine Learning, Flask","A predictive tool for banking customers to estimate their chances of loan approval based on their credit score, income, and other financial parameters.",https://github.com/uniguide/loan-eligibility
Medical,AI Skin Cancer Detection,Advanced,Using image processing to identify potential skin irregularities.,8,"Python, SQL",A medical diagnostic tool that utilizes deep learning and image processing to analyze skin lesions and provide preliminary assessments of potential skin cancer.,https://github.com/uniguide/skin-cancer-detection
Agriculture,Crop Disease Identification App,Advanced,Using leaf images to detect pests or diseases in crops.,8,"React, Node.js",An AI-powered mobile application that allows farmers to take photos of crops and receive instant diagnosis and treatment recommendations for diseases.,https://github.com/uniguide/crop-disease-id
Design,AR Furniture Placer,Advanced,An app that lets users see how furniture looks in their room via AR.,8,"Python, SQL",An augmented reality application that lets users visualize how furniture items would look and fit in their actual living space using a smartphone camera.,https://github.com/uniguide/ar-furniture
UPSC,Interactive Indian Constitution App,Beginner,A searchable guide to all articles and amendments.,12,"Arduino, C++","An educational app providing the full text of the Indian Constitution with expert commentary, case studies, and easy-to-use search features.",https://github.com/uniguide/constitution-app
Environmental Science,Carbon Footprint Calculator,Beginner,A web tool for users to estimate their annual CO2 emissions.,4,"Python, SQL",A web application that allows users to calculate their environmental impact based on their lifestyle choices and provides tips for reduction.,https://github.com/uniguide/carbon-calc
Law,Online Dispute Resolution Portal,Intermediate,A platform for mediation and settlement between parties.,16,"Machine Learning, Flask",A digital platform that facilitates mediation and negotiation between conflicting parties to reach legal settlements outside of traditional courtrooms.,https://github.com/uniguide/dispute-resolution
Media,Podcast Hosting Platform,Intermediate,"A portal to upload, manage, and stream audio content.",12,"Arduino, C++","A comprehensive service for creators to upload, host, and distribute podcast episodes to major streaming platforms with built-in listener analytics.",https://github.com/uniguide/podcast-hosting
Civil Engineering,Bridge Load Analysis Tool,Intermediate,A simulation tool to test bridge durability under various weights.,4,"Arduino, C++",An engineering simulation software that evaluates the structural integrity of bridges under varying load conditions to ensure safety and durability.,https://github.com/uniguide/bridge-analysis
